fpr	tpr
0.45603576751117736	0.46033350176856996
0.45603576751117736	0.4608388074785245
0.45752608047690013	0.4608388074785245
0.45752608047690013	0.4608388074785245
0.45752608047690013	0.461344113188479
0.45752608047690013	0.46184941889843356
0.45752608047690013	0.46235472460838806
0.45752608047690013	0.46235472460838806
0.45752608047690013	0.46235472460838806
0.45752608047690013	0.4628600303183426
0.45901639344262296	0.4628600303183426
0.45901639344262296	0.4628600303183426
0.46050670640834573	0.4628600303183426
0.46050670640834573	0.4633653360282971
0.46050670640834573	0.4633653360282971
0.46050670640834573	0.4633653360282971
0.46050670640834573	0.46387064173825165
0.46050670640834573	0.46437594744820615
0.46050670640834573	0.4648812531581607
0.46050670640834573	0.4653865588681152
0.46199701937406856	0.4653865588681152
0.46199701937406856	0.4653865588681152
0.46199701937406856	0.4653865588681152
0.46199701937406856	0.46589186457806975
0.46199701937406856	0.46589186457806975
0.46199701937406856	0.46639717028802424
0.46199701937406856	0.46639717028802424
0.46199701937406856	0.4669024759979788
0.46199701937406856	0.4669024759979788
0.46199701937406856	0.4674077817079333
0.46199701937406856	0.4674077817079333
0.46199701937406856	0.4674077817079333
0.46199701937406856	0.4674077817079333
0.46199701937406856	0.4674077817079333
0.46199701937406856	0.4674077817079333
0.46199701937406856	0.46791308741788784
0.46199701937406856	0.46791308741788784
0.46348733233979134	0.46791308741788784
0.46348733233979134	0.46791308741788784
0.46348733233979134	0.46791308741788784
0.46348733233979134	0.46841839312784234
0.46348733233979134	0.46841839312784234
0.46497764530551416	0.46841839312784234
0.46497764530551416	0.4689236988377969
0.46497764530551416	0.4694290045477514
0.46497764530551416	0.4694290045477514
0.46497764530551416	0.4694290045477514
0.46497764530551416	0.4694290045477514
0.46497764530551416	0.4694290045477514
0.46497764530551416	0.4694290045477514
0.46497764530551416	0.46993431025770593
0.46646795827123694	0.46993431025770593
0.46646795827123694	0.46993431025770593
0.46646795827123694	0.47043961596766043
0.46646795827123694	0.47043961596766043
0.46646795827123694	0.47043961596766043
0.46795827123695977	0.47043961596766043
0.46795827123695977	0.470944921677615
0.46944858420268254	0.470944921677615
0.46944858420268254	0.4714502273875695
0.46944858420268254	0.471955533097524
0.46944858420268254	0.471955533097524
0.46944858420268254	0.471955533097524
0.46944858420268254	0.4724608388074785
0.46944858420268254	0.4724608388074785
0.47093889716840537	0.4724608388074785
0.47242921013412814	0.4724608388074785
0.47242921013412814	0.4729661445174331
0.47242921013412814	0.4729661445174331
0.47242921013412814	0.4729661445174331
0.47391952309985097	0.4729661445174331
0.47391952309985097	0.4729661445174331
0.47391952309985097	0.47347145022738757
0.47540983606557374	0.47347145022738757
0.47540983606557374	0.47397675593734206
0.47540983606557374	0.47397675593734206
0.47540983606557374	0.47397675593734206
0.47540983606557374	0.47397675593734206
0.47690014903129657	0.47397675593734206
0.47690014903129657	0.4744820616472966
0.4783904619970194	0.4744820616472966
0.4798807749627422	0.4744820616472966
0.4798807749627422	0.4744820616472966
0.481371087928465	0.4744820616472966
0.481371087928465	0.4744820616472966
0.481371087928465	0.4749873673572511
0.481371087928465	0.4749873673572511
0.481371087928465	0.47549267306720566
0.4828614008941878	0.47549267306720566
0.4828614008941878	0.47599797877716016
0.4828614008941878	0.47599797877716016
0.4828614008941878	0.4765032844871147
0.4828614008941878	0.4765032844871147
0.4828614008941878	0.4770085901970692
0.4828614008941878	0.47751389590702376
0.4828614008941878	0.47751389590702376
0.4828614008941878	0.47751389590702376
0.4828614008941878	0.47751389590702376
0.4828614008941878	0.47801920161697825
0.4828614008941878	0.4785245073269328
0.4843517138599106	0.4785245073269328
0.4843517138599106	0.4790298130368873
0.4843517138599106	0.4790298130368873
0.4843517138599106	0.4790298130368873
0.4843517138599106	0.47953511874684185
0.4843517138599106	0.48004042445679634
0.4843517138599106	0.48004042445679634
0.4858420268256334	0.48004042445679634
0.4858420268256334	0.4805457301667509
0.4858420268256334	0.4810510358767054
0.4858420268256334	0.4810510358767054
0.4858420268256334	0.4810510358767054
0.4858420268256334	0.48155634158665994
0.4858420268256334	0.48155634158665994
0.4858420268256334	0.48206164729661444
0.4858420268256334	0.482566953006569
0.4858420268256334	0.482566953006569
0.4858420268256334	0.4830722587165235
0.4858420268256334	0.48357756442647803
0.4858420268256334	0.48408287013643253
0.4858420268256334	0.4845881758463871
0.4858420268256334	0.4850934815563416
0.4858420268256334	0.4850934815563416
0.4858420268256334	0.4850934815563416
0.4858420268256334	0.4850934815563416
0.4858420268256334	0.48559878726629613
0.4858420268256334	0.48559878726629613
0.4858420268256334	0.48559878726629613
0.4858420268256334	0.4861040929762506
0.4858420268256334	0.4866093986862052
0.4873323397913562	0.4866093986862052
0.488822652757079	0.4866093986862052
0.488822652757079	0.48711470439615967
0.488822652757079	0.4876200101061142
0.4903129657228018	0.4876200101061142
0.4903129657228018	0.4881253158160687
0.4903129657228018	0.4881253158160687
0.4903129657228018	0.4881253158160687
0.4903129657228018	0.4881253158160687
0.4903129657228018	0.48863062152602327
0.4903129657228018	0.48913592723597776
0.4903129657228018	0.48913592723597776
0.4903129657228018	0.4896412329459323
0.4903129657228018	0.4901465386558868
0.4903129657228018	0.49065184436584136
0.4903129657228018	0.49115715007579586
0.4903129657228018	0.49166245578575035
0.4903129657228018	0.4921677614957049
0.4903129657228018	0.4926730672056594
0.4903129657228018	0.49317837291561395
0.4903129657228018	0.49317837291561395
0.4903129657228018	0.49317837291561395
0.4903129657228018	0.49317837291561395
0.4903129657228018	0.49317837291561395
0.4903129657228018	0.49368367862556845
0.4903129657228018	0.494188984335523
0.4903129657228018	0.494188984335523
0.4903129657228018	0.494188984335523
0.4903129657228018	0.4946942900454775
0.4903129657228018	0.49519959575543204
0.4903129657228018	0.49570490146538654
0.4903129657228018	0.49570490146538654
0.4903129657228018	0.4962102071753411
0.4918032786885246	0.4962102071753411
0.4918032786885246	0.4967155128852956
0.4918032786885246	0.4967155128852956
0.4918032786885246	0.4967155128852956
0.4918032786885246	0.49722081859525014
0.4918032786885246	0.49722081859525014
0.4918032786885246	0.49722081859525014
0.4918032786885246	0.49722081859525014
0.4932935916542474	0.49722081859525014
0.4932935916542474	0.49772612430520463
0.4947839046199702	0.49772612430520463
0.4947839046199702	0.4982314300151592
0.4947839046199702	0.4987367357251137
0.4947839046199702	0.49924204143506823
0.4947839046199702	0.49924204143506823
0.4947839046199702	0.4997473471450227
0.4947839046199702	0.4997473471450227
0.496274217585693	0.4997473471450227
0.496274217585693	0.5002526528549772
0.496274217585693	0.5007579585649318
0.496274217585693	0.5012632642748863
0.496274217585693	0.5012632642748863
0.496274217585693	0.5017685699848409
0.496274217585693	0.5022738756947953
0.496274217585693	0.5022738756947953
0.496274217585693	0.5022738756947953
0.496274217585693	0.5027791814047499
0.496274217585693	0.5027791814047499
0.496274217585693	0.5032844871147044
0.496274217585693	0.503789792824659
0.496274217585693	0.503789792824659
0.496274217585693	0.5042950985346134
0.496274217585693	0.504800404244568
0.496274217585693	0.5053057099545225
0.4977645305514158	0.5053057099545225
0.4977645305514158	0.5053057099545225
0.4977645305514158	0.5053057099545225
0.4977645305514158	0.5058110156644771
0.4977645305514158	0.5058110156644771
0.4977645305514158	0.5058110156644771
0.4992548435171386	0.5058110156644771
0.4992548435171386	0.5063163213744315
0.5007451564828614	0.5063163213744315
0.5007451564828614	0.506821627084386
0.5007451564828614	0.5073269327943406
0.5007451564828614	0.5073269327943406
0.5007451564828614	0.5078322385042952
0.5007451564828614	0.5083375442142496
0.5007451564828614	0.5088428499242041
0.5007451564828614	0.5093481556341587
0.5007451564828614	0.5098534613441131
0.5007451564828614	0.5103587670540677
0.5022354694485842	0.5103587670540677
0.5022354694485842	0.5108640727640222
0.5022354694485842	0.5108640727640222
0.5022354694485842	0.5113693784739768
0.503725782414307	0.5113693784739768
0.503725782414307	0.5118746841839312
0.503725782414307	0.5123799898938858
0.503725782414307	0.5123799898938858
0.503725782414307	0.5123799898938858
0.503725782414307	0.5123799898938858
0.503725782414307	0.5128852956038403
0.503725782414307	0.5133906013137949
0.503725782414307	0.5133906013137949
0.503725782414307	0.5138959070237493
0.503725782414307	0.5138959070237493
0.503725782414307	0.5138959070237493
0.503725782414307	0.5144012127337039
0.5052160953800298	0.5144012127337039
0.5052160953800298	0.5149065184436584
0.5067064083457526	0.5149065184436584
0.5067064083457526	0.5149065184436584
0.5081967213114754	0.5149065184436584
0.5081967213114754	0.515411824153613
0.5081967213114754	0.515411824153613
0.5081967213114754	0.5159171298635674
0.5081967213114754	0.5159171298635674
0.5081967213114754	0.516422435573522
0.5081967213114754	0.5169277412834765
0.5081967213114754	0.5169277412834765
0.5096870342771982	0.5169277412834765
0.5096870342771982	0.5174330469934311
0.511177347242921	0.5174330469934311
0.511177347242921	0.5179383527033855
0.511177347242921	0.5179383527033855
0.511177347242921	0.5184436584133401
0.511177347242921	0.5184436584133401
0.511177347242921	0.5184436584133401
0.511177347242921	0.5184436584133401
0.511177347242921	0.5189489641232946
0.5126676602086438	0.5189489641232946
0.5126676602086438	0.5189489641232946
0.5141579731743666	0.5189489641232946
0.5141579731743666	0.5194542698332492
0.5141579731743666	0.5194542698332492
0.5141579731743666	0.5199595755432036
0.5141579731743666	0.5199595755432036
0.5141579731743666	0.5204648812531582
0.5156482861400894	0.5204648812531582
0.5171385991058122	0.5204648812531582
0.5171385991058122	0.5209701869631127
0.5171385991058122	0.5214754926730673
0.5171385991058122	0.5214754926730673
0.5171385991058122	0.5214754926730673
0.5171385991058122	0.5219807983830217
0.5171385991058122	0.5224861040929762
0.5171385991058122	0.5224861040929762
0.5171385991058122	0.5229914098029308
0.5171385991058122	0.5234967155128853
0.518628912071535	0.5234967155128853
0.518628912071535	0.5234967155128853
0.518628912071535	0.5240020212228398
0.518628912071535	0.5240020212228398
0.518628912071535	0.5245073269327943
0.518628912071535	0.5250126326427489
0.5201192250372578	0.5250126326427489
0.5201192250372578	0.5255179383527034
0.5201192250372578	0.5255179383527034
0.5201192250372578	0.5255179383527034
0.5201192250372578	0.5255179383527034
0.5201192250372578	0.5260232440626579
0.5201192250372578	0.5260232440626579
0.5201192250372578	0.5260232440626579
0.5201192250372578	0.5260232440626579
0.5201192250372578	0.5260232440626579
0.5201192250372578	0.5265285497726124
0.5201192250372578	0.5265285497726124
0.5216095380029806	0.5265285497726124
0.5216095380029806	0.527033855482567
0.5216095380029806	0.5275391611925214
0.5216095380029806	0.528044466902476
0.5216095380029806	0.5285497726124305
0.5216095380029806	0.5290550783223851
0.5216095380029806	0.5295603840323395
0.5216095380029806	0.5300656897422941
0.5216095380029806	0.5300656897422941
0.5216095380029806	0.5300656897422941
0.5216095380029806	0.5305709954522486
0.5216095380029806	0.5305709954522486
0.5216095380029806	0.5305709954522486
0.5216095380029806	0.5305709954522486
0.5216095380029806	0.5305709954522486
0.5216095380029806	0.5310763011622032
0.5230998509687034	0.5310763011622032
0.5245901639344263	0.5310763011622032
0.5245901639344263	0.5315816068721576
0.5245901639344263	0.5315816068721576
0.5245901639344263	0.5315816068721576
0.5245901639344263	0.5320869125821122
0.5245901639344263	0.5320869125821122
0.5245901639344263	0.5320869125821122
0.5245901639344263	0.5320869125821122
0.5245901639344263	0.5325922182920667
0.5245901639344263	0.5330975240020213
0.5245901639344263	0.5336028297119757
0.5245901639344263	0.5336028297119757
0.5245901639344263	0.5341081354219303
0.5245901639344263	0.5346134411318848
0.5245901639344263	0.5351187468418394
0.5245901639344263	0.5351187468418394
0.526080476900149	0.5351187468418394
0.5275707898658718	0.5351187468418394
0.5275707898658718	0.5351187468418394
0.5275707898658718	0.5356240525517938
0.5275707898658718	0.5356240525517938
0.5275707898658718	0.5361293582617483
0.5275707898658718	0.5361293582617483
0.5275707898658718	0.5366346639717029
0.5275707898658718	0.5366346639717029
0.5275707898658718	0.5366346639717029
0.5275707898658718	0.5371399696816574
0.5275707898658718	0.5376452753916119
0.5275707898658718	0.5376452753916119
0.5275707898658718	0.5381505811015664
0.5290611028315947	0.5381505811015664
0.5290611028315947	0.5381505811015664
0.5290611028315947	0.5381505811015664
0.5290611028315947	0.5381505811015664
0.5290611028315947	0.538655886811521
0.5290611028315947	0.538655886811521
0.5290611028315947	0.538655886811521
0.5290611028315947	0.5391611925214755
0.5290611028315947	0.53966649823143
0.5305514157973175	0.53966649823143
0.5305514157973175	0.53966649823143
0.5305514157973175	0.5401718039413845
0.5305514157973175	0.5401718039413845
0.5305514157973175	0.5401718039413845
0.5305514157973175	0.5401718039413845
0.5305514157973175	0.5401718039413845
0.5305514157973175	0.5401718039413845
0.5305514157973175	0.5406771096513391
0.5305514157973175	0.5411824153612936
0.5320417287630402	0.5411824153612936
0.5320417287630402	0.5411824153612936
0.5320417287630402	0.5411824153612936
0.5320417287630402	0.5411824153612936
0.5320417287630402	0.5416877210712481
0.5320417287630402	0.5421930267812026
0.5320417287630402	0.5421930267812026
0.5320417287630402	0.5421930267812026
0.5320417287630402	0.5426983324911572
0.533532041728763	0.5426983324911572
0.533532041728763	0.5432036382011117
0.5350223546944859	0.5432036382011117
0.5350223546944859	0.5432036382011117
0.5350223546944859	0.5437089439110662
0.5350223546944859	0.5437089439110662
0.5350223546944859	0.5442142496210207
0.5365126676602087	0.5442142496210207
0.5365126676602087	0.5442142496210207
0.5380029806259314	0.5442142496210207
0.5380029806259314	0.5447195553309753
0.5380029806259314	0.5447195553309753
0.5380029806259314	0.5452248610409297
0.5380029806259314	0.5452248610409297
0.5380029806259314	0.5452248610409297
0.5380029806259314	0.5457301667508843
0.5380029806259314	0.5462354724608388
0.5394932935916542	0.5462354724608388
0.5394932935916542	0.5462354724608388
0.5394932935916542	0.5462354724608388
0.5409836065573771	0.5462354724608388
0.5409836065573771	0.5467407781707934
0.5409836065573771	0.5472460838807478
0.5424739195230999	0.5472460838807478
0.5424739195230999	0.5472460838807478
0.5424739195230999	0.5477513895907024
0.5424739195230999	0.5477513895907024
0.5424739195230999	0.5482566953006569
0.5424739195230999	0.5487620010106115
0.5424739195230999	0.5492673067205659
0.5424739195230999	0.5497726124305204
0.5424739195230999	0.5497726124305204
0.5439642324888226	0.5497726124305204
0.5439642324888226	0.550277918140475
0.5454545454545454	0.550277918140475
0.5454545454545454	0.550277918140475
0.5454545454545454	0.5507832238504295
0.5469448584202683	0.5507832238504295
0.5469448584202683	0.551288529560384
0.5469448584202683	0.5517938352703385
0.5469448584202683	0.5522991409802931
0.5484351713859911	0.5522991409802931
0.5484351713859911	0.5528044466902476
0.5484351713859911	0.5528044466902476
0.5499254843517138	0.5528044466902476
0.5499254843517138	0.5533097524002021
0.5499254843517138	0.5538150581101566
0.5499254843517138	0.5538150581101566
0.5499254843517138	0.5538150581101566
0.5514157973174366	0.5538150581101566
0.5514157973174366	0.5543203638201112
0.5514157973174366	0.5543203638201112
0.5514157973174366	0.5543203638201112
0.5529061102831595	0.5543203638201112
0.5529061102831595	0.5548256695300657
0.5529061102831595	0.5553309752400202
0.5529061102831595	0.5553309752400202
0.5529061102831595	0.5553309752400202
0.5529061102831595	0.5558362809499747
0.5529061102831595	0.5558362809499747
0.5529061102831595	0.5563415866599293
0.5529061102831595	0.5568468923698838
0.5529061102831595	0.5568468923698838
0.5529061102831595	0.5568468923698838
0.5529061102831595	0.5568468923698838
0.5529061102831595	0.5568468923698838
0.5529061102831595	0.5573521980798383
0.5529061102831595	0.5578575037897928
0.5529061102831595	0.5578575037897928
0.5529061102831595	0.5583628094997474
0.5543964232488823	0.5583628094997474
0.5543964232488823	0.5583628094997474
0.555886736214605	0.5583628094997474
0.555886736214605	0.5588681152097019
0.555886736214605	0.5593734209196564
0.555886736214605	0.5593734209196564
0.555886736214605	0.5598787266296109
0.555886736214605	0.5598787266296109
0.555886736214605	0.5598787266296109
0.555886736214605	0.5598787266296109
0.555886736214605	0.5598787266296109
0.555886736214605	0.5603840323395655
0.555886736214605	0.5603840323395655
0.555886736214605	0.56088933804952
0.555886736214605	0.56088933804952
0.555886736214605	0.56088933804952
0.5573770491803278	0.56088933804952
0.5573770491803278	0.5613946437594745
0.5573770491803278	0.561899949469429
0.5573770491803278	0.5624052551793836
0.5573770491803278	0.5624052551793836
0.5573770491803278	0.5624052551793836
0.5573770491803278	0.5624052551793836
0.5573770491803278	0.5624052551793836
0.5573770491803278	0.562910560889338
0.5573770491803278	0.562910560889338
0.5573770491803278	0.562910560889338
0.5573770491803278	0.562910560889338
0.5573770491803278	0.562910560889338
0.5573770491803278	0.5634158665992925
0.5573770491803278	0.5639211723092471
0.5573770491803278	0.5644264780192016
0.5573770491803278	0.5649317837291561
0.5573770491803278	0.5654370894391106
0.5588673621460507	0.5654370894391106
0.5603576751117735	0.5654370894391106
0.5603576751117735	0.5659423951490652
0.5603576751117735	0.5659423951490652
0.5603576751117735	0.5664477008590197
0.5603576751117735	0.5669530065689742
0.5603576751117735	0.5674583122789287
0.5603576751117735	0.5679636179888833
0.5603576751117735	0.5684689236988378
0.5603576751117735	0.5684689236988378
0.5603576751117735	0.5689742294087923
0.5603576751117735	0.5694795351187468
0.5618479880774963	0.5694795351187468
0.5618479880774963	0.5694795351187468
0.5618479880774963	0.5699848408287014
0.5618479880774963	0.5704901465386559
0.5618479880774963	0.5709954522486104
0.5618479880774963	0.5715007579585649
0.5618479880774963	0.5720060636685195
0.5618479880774963	0.572511369378474
0.5618479880774963	0.572511369378474
0.5618479880774963	0.5730166750884285
0.5618479880774963	0.573521980798383
0.5618479880774963	0.573521980798383
0.5618479880774963	0.5740272865083376
0.563338301043219	0.5740272865083376
0.563338301043219	0.5740272865083376
0.563338301043219	0.5740272865083376
0.563338301043219	0.5745325922182921
0.5648286140089419	0.5745325922182921
0.5663189269746647	0.5745325922182921
0.5663189269746647	0.5745325922182921
0.5663189269746647	0.5750378979282466
0.5663189269746647	0.5755432036382011
0.5663189269746647	0.5760485093481557
0.5663189269746647	0.5760485093481557
0.5663189269746647	0.5760485093481557
0.5678092399403875	0.5760485093481557
0.5678092399403875	0.5765538150581102
0.5678092399403875	0.5765538150581102
0.5678092399403875	0.5770591207680646
0.5678092399403875	0.5770591207680646
0.5678092399403875	0.5775644264780192
0.5678092399403875	0.5780697321879738
0.5678092399403875	0.5785750378979283
0.5678092399403875	0.5785750378979283
0.5678092399403875	0.5790803436078827
0.5678092399403875	0.5790803436078827
0.5678092399403875	0.5790803436078827
0.5678092399403875	0.5795856493178373
0.5678092399403875	0.5795856493178373
0.5692995529061102	0.5795856493178373
0.5692995529061102	0.5800909550277918
0.5692995529061102	0.5800909550277918
0.5692995529061102	0.5805962607377463
0.5692995529061102	0.5805962607377463
0.5692995529061102	0.5811015664477008
0.5692995529061102	0.5816068721576554
0.5692995529061102	0.5816068721576554
0.5707898658718331	0.5816068721576554
0.5707898658718331	0.5816068721576554
0.5707898658718331	0.5821121778676099
0.5707898658718331	0.5821121778676099
0.5707898658718331	0.5826174835775644
0.5707898658718331	0.5826174835775644
0.5707898658718331	0.5826174835775644
0.5707898658718331	0.5826174835775644
0.5707898658718331	0.5826174835775644
0.5722801788375559	0.5826174835775644
0.5722801788375559	0.5831227892875189
0.5722801788375559	0.5831227892875189
0.5722801788375559	0.5831227892875189
0.5722801788375559	0.5831227892875189
0.5722801788375559	0.5836280949974735
0.5722801788375559	0.5836280949974735
0.5722801788375559	0.584133400707428
0.5737704918032787	0.584133400707428
0.5752608047690015	0.584133400707428
0.5752608047690015	0.584133400707428
0.5752608047690015	0.584133400707428
0.5752608047690015	0.584133400707428
0.5752608047690015	0.584133400707428
0.5752608047690015	0.584133400707428
0.5752608047690015	0.5846387064173825
0.5752608047690015	0.585144012127337
0.5752608047690015	0.585144012127337
0.5752608047690015	0.5856493178372916
0.5752608047690015	0.5861546235472461
0.5752608047690015	0.5866599292572006
0.5752608047690015	0.5871652349671551
0.5752608047690015	0.5871652349671551
0.5752608047690015	0.5871652349671551
0.5752608047690015	0.5876705406771097
0.5752608047690015	0.5876705406771097
0.5752608047690015	0.5876705406771097
0.5752608047690015	0.5876705406771097
0.5752608047690015	0.5881758463870642
0.5767511177347243	0.5881758463870642
0.5767511177347243	0.5881758463870642
0.5767511177347243	0.5886811520970187
0.5767511177347243	0.5886811520970187
0.5767511177347243	0.5886811520970187
0.5767511177347243	0.5886811520970187
0.5767511177347243	0.5886811520970187
0.5767511177347243	0.5891864578069732
0.5767511177347243	0.5896917635169278
0.5767511177347243	0.5896917635169278
0.5767511177347243	0.5901970692268823
0.5767511177347243	0.5907023749368367
0.5767511177347243	0.5912076806467913
0.5767511177347243	0.5912076806467913
0.5767511177347243	0.5912076806467913
0.5782414307004471	0.5912076806467913
0.5782414307004471	0.5912076806467913
0.5782414307004471	0.5917129863567459
0.5782414307004471	0.5922182920667004
0.5782414307004471	0.5927235977766548
0.5797317436661699	0.5927235977766548
0.5797317436661699	0.5927235977766548
0.5812220566318927	0.5927235977766548
0.5812220566318927	0.5932289034866094
0.5812220566318927	0.593734209196564
0.5827123695976155	0.593734209196564
0.5827123695976155	0.593734209196564
0.5827123695976155	0.593734209196564
0.5827123695976155	0.5942395149065185
0.5827123695976155	0.5947448206164729
0.5827123695976155	0.5947448206164729
0.5827123695976155	0.5947448206164729
0.5827123695976155	0.5947448206164729
0.5827123695976155	0.5952501263264275
0.5827123695976155	0.5952501263264275
0.5827123695976155	0.595755432036382
0.5827123695976155	0.5962607377463366
0.5842026825633383	0.5962607377463366
0.5856929955290611	0.5962607377463366
0.5856929955290611	0.596766043456291
0.5856929955290611	0.596766043456291
0.587183308494784	0.596766043456291
0.587183308494784	0.5972713491662456
0.5886736214605067	0.5972713491662456
0.5886736214605067	0.5972713491662456
0.5886736214605067	0.5972713491662456
0.5886736214605067	0.5972713491662456
0.5886736214605067	0.5972713491662456
0.5886736214605067	0.5972713491662456
0.5901639344262295	0.5972713491662456
0.5901639344262295	0.5972713491662456
0.5901639344262295	0.5972713491662456
0.5901639344262295	0.5972713491662456
0.5916542473919523	0.5972713491662456
0.5916542473919523	0.5972713491662456
0.5916542473919523	0.5977766548762001
0.5931445603576752	0.5977766548762001
0.5931445603576752	0.5982819605861546
0.5931445603576752	0.5987872662961091
0.5931445603576752	0.5987872662961091
0.5931445603576752	0.5992925720060637
0.5931445603576752	0.5997978777160182
0.5931445603576752	0.6003031834259727
0.5946348733233979	0.6003031834259727
0.5946348733233979	0.6003031834259727
0.5946348733233979	0.6008084891359272
0.5946348733233979	0.6013137948458818
0.5946348733233979	0.6018191005558363
0.5946348733233979	0.6018191005558363
0.5946348733233979	0.6018191005558363
0.5946348733233979	0.6018191005558363
0.5946348733233979	0.6023244062657908
0.5946348733233979	0.6023244062657908
0.5946348733233979	0.6023244062657908
0.5946348733233979	0.6023244062657908
0.5946348733233979	0.6023244062657908
0.5946348733233979	0.6023244062657908
0.5946348733233979	0.6023244062657908
0.5946348733233979	0.6028297119757453
0.5961251862891207	0.6028297119757453
0.5961251862891207	0.6028297119757453
0.5961251862891207	0.6033350176856999
0.5961251862891207	0.6033350176856999
0.5961251862891207	0.6033350176856999
0.5961251862891207	0.6038403233956544
0.5961251862891207	0.6043456291056089
0.5976154992548435	0.6043456291056089
0.5976154992548435	0.6048509348155634
0.5976154992548435	0.6048509348155634
0.5991058122205664	0.6048509348155634
0.5991058122205664	0.6048509348155634
0.5991058122205664	0.605356240525518
0.5991058122205664	0.605356240525518
0.5991058122205664	0.605356240525518
0.5991058122205664	0.6058615462354725
0.5991058122205664	0.6058615462354725
0.5991058122205664	0.6058615462354725
0.5991058122205664	0.6058615462354725
0.5991058122205664	0.6063668519454269
0.5991058122205664	0.6068721576553815
0.5991058122205664	0.607377463365336
0.5991058122205664	0.6078827690752906
0.5991058122205664	0.6078827690752906
0.5991058122205664	0.6078827690752906
0.6005961251862891	0.6078827690752906
0.6005961251862891	0.6078827690752906
0.6005961251862891	0.6078827690752906
0.6005961251862891	0.608388074785245
0.6005961251862891	0.608388074785245
0.6020864381520119	0.608388074785245
0.6020864381520119	0.6088933804951996
0.6020864381520119	0.6088933804951996
0.6020864381520119	0.6088933804951996
0.6035767511177347	0.6088933804951996
0.6035767511177347	0.6093986862051541
0.6035767511177347	0.6099039919151087
0.6050670640834576	0.6099039919151087
0.6050670640834576	0.6104092976250631
0.6050670640834576	0.6104092976250631
0.6065573770491803	0.6104092976250631
0.6065573770491803	0.6104092976250631
0.6065573770491803	0.6104092976250631
0.6065573770491803	0.6109146033350177
0.6065573770491803	0.6114199090449722
0.6065573770491803	0.6114199090449722
0.6065573770491803	0.6114199090449722
0.6065573770491803	0.6114199090449722
0.6065573770491803	0.6114199090449722
0.6065573770491803	0.6114199090449722
0.6080476900149031	0.6114199090449722
0.6095380029806259	0.6114199090449722
0.6095380029806259	0.6119252147549268
0.6095380029806259	0.6124305204648812
0.6110283159463488	0.6124305204648812
0.6110283159463488	0.6124305204648812
0.6110283159463488	0.6129358261748358
0.6110283159463488	0.6129358261748358
0.6110283159463488	0.6129358261748358
0.6110283159463488	0.6129358261748358
0.6110283159463488	0.6129358261748358
0.6125186289120715	0.6129358261748358
0.6125186289120715	0.6129358261748358
0.6125186289120715	0.6134411318847903
0.6140089418777943	0.6134411318847903
0.6140089418777943	0.6139464375947449
0.6140089418777943	0.6144517433046993
0.6140089418777943	0.6144517433046993
0.6140089418777943	0.6144517433046993
0.6140089418777943	0.6144517433046993
0.6140089418777943	0.6149570490146539
0.6140089418777943	0.6154623547246084
0.6140089418777943	0.6154623547246084
0.6140089418777943	0.6159676604345629
0.6140089418777943	0.6159676604345629
0.6140089418777943	0.6164729661445174
0.6140089418777943	0.616978271854472
0.6140089418777943	0.6174835775644265
0.6140089418777943	0.6174835775644265
0.6140089418777943	0.617988883274381
0.6140089418777943	0.617988883274381
0.6140089418777943	0.617988883274381
0.6154992548435171	0.617988883274381
0.6154992548435171	0.6184941889843355
0.6154992548435171	0.6184941889843355
0.6154992548435171	0.6184941889843355
0.6154992548435171	0.61899949469429
0.6154992548435171	0.6195048004042446
0.6154992548435171	0.620010106114199
0.61698956780924	0.620010106114199
0.61698956780924	0.6205154118241536
0.61698956780924	0.6205154118241536
0.61698956780924	0.6205154118241536
0.61698956780924	0.6210207175341081
0.61698956780924	0.6210207175341081
0.6184798807749627	0.6210207175341081
0.6184798807749627	0.6215260232440627
0.6184798807749627	0.6215260232440627
0.6184798807749627	0.6220313289540171
0.6184798807749627	0.6225366346639717
0.6184798807749627	0.6230419403739262
0.6184798807749627	0.6230419403739262
0.6184798807749627	0.6230419403739262
0.6184798807749627	0.6230419403739262
0.6199701937406855	0.6230419403739262
0.6199701937406855	0.6235472460838808
0.6199701937406855	0.6240525517938352
0.6199701937406855	0.6245578575037898
0.6199701937406855	0.6245578575037898
0.6199701937406855	0.6245578575037898
0.6199701937406855	0.6245578575037898
0.6199701937406855	0.6250631632137443
0.6199701937406855	0.6255684689236989
0.6199701937406855	0.6260737746336533
0.6199701937406855	0.6260737746336533
0.6199701937406855	0.6265790803436079
0.6214605067064084	0.6265790803436079
0.6214605067064084	0.6265790803436079
0.6214605067064084	0.6270843860535624
0.6214605067064084	0.627589691763517
0.6214605067064084	0.627589691763517
0.6214605067064084	0.6280949974734714
0.6214605067064084	0.628600303183426
0.6229508196721312	0.628600303183426
0.6229508196721312	0.6291056088933805
0.6229508196721312	0.6291056088933805
0.624441132637854	0.6291056088933805
0.624441132637854	0.6291056088933805
0.624441132637854	0.6291056088933805
0.624441132637854	0.6291056088933805
0.624441132637854	0.6291056088933805
0.624441132637854	0.6296109146033351
0.624441132637854	0.6301162203132895
0.624441132637854	0.6301162203132895
0.624441132637854	0.6301162203132895
0.624441132637854	0.6301162203132895
0.624441132637854	0.6301162203132895
0.624441132637854	0.6301162203132895
0.624441132637854	0.6306215260232441
0.624441132637854	0.6311268317331986
0.6259314456035767	0.6311268317331986
0.6274217585692996	0.6311268317331986
0.6274217585692996	0.6311268317331986
0.6274217585692996	0.631632137443153
0.6274217585692996	0.6321374431531076
0.6274217585692996	0.6321374431531076
0.6289120715350224	0.6321374431531076
0.6304023845007451	0.6321374431531076
0.6304023845007451	0.6321374431531076
0.6304023845007451	0.6321374431531076
0.6304023845007451	0.6326427488630622
0.6304023845007451	0.6326427488630622
0.6304023845007451	0.6326427488630622
0.6304023845007451	0.6331480545730167
0.6304023845007451	0.6336533602829711
0.6304023845007451	0.6336533602829711
0.6304023845007451	0.6336533602829711
0.6304023845007451	0.6341586659929257
0.6304023845007451	0.6346639717028802
0.6304023845007451	0.6351692774128348
0.6304023845007451	0.6351692774128348
0.6304023845007451	0.6356745831227892
0.6304023845007451	0.6361798888327438
0.6304023845007451	0.6366851945426983
0.6304023845007451	0.6371905002526529
0.6318926974664679	0.6371905002526529
0.6318926974664679	0.6376958059626073
0.6318926974664679	0.6376958059626073
0.6318926974664679	0.6382011116725619
0.6333830104321908	0.6382011116725619
0.6333830104321908	0.6387064173825164
0.6348733233979136	0.6387064173825164
0.6348733233979136	0.639211723092471
0.6348733233979136	0.639211723092471
0.6348733233979136	0.639211723092471
0.6348733233979136	0.639211723092471
0.6363636363636364	0.639211723092471
0.6363636363636364	0.6397170288024254
0.6363636363636364	0.64022233451238
0.6363636363636364	0.6407276402223345
0.6363636363636364	0.6412329459322891
0.6363636363636364	0.6417382516422435
0.6363636363636364	0.6422435573521981
0.6363636363636364	0.6422435573521981
0.6363636363636364	0.6427488630621526
0.6378539493293591	0.6427488630621526
0.6378539493293591	0.6427488630621526
0.639344262295082	0.6427488630621526
0.639344262295082	0.6432541687721072
0.639344262295082	0.6432541687721072
0.6408345752608048	0.6432541687721072
0.6408345752608048	0.6432541687721072
0.6408345752608048	0.6437594744820616
0.6423248882265276	0.6437594744820616
0.6423248882265276	0.6437594744820616
0.6423248882265276	0.6437594744820616
0.6423248882265276	0.6442647801920162
0.6438152011922503	0.6442647801920162
0.6438152011922503	0.6442647801920162
0.6438152011922503	0.6442647801920162
0.6438152011922503	0.6442647801920162
0.6453055141579732	0.6442647801920162
0.6453055141579732	0.6442647801920162
0.6453055141579732	0.6447700859019707
0.6453055141579732	0.6452753916119253
0.6453055141579732	0.6457806973218797
0.6453055141579732	0.6462860030318343
0.6453055141579732	0.6467913087417888
0.6453055141579732	0.6467913087417888
0.6453055141579732	0.6467913087417888
0.6453055141579732	0.6467913087417888
0.6453055141579732	0.6472966144517434
0.6453055141579732	0.6478019201616978
0.6453055141579732	0.6483072258716523
0.6453055141579732	0.6488125315816069
0.6453055141579732	0.6493178372915613
0.6453055141579732	0.6498231430015159
0.6453055141579732	0.6503284487114704
0.6453055141579732	0.650833754421425
0.6453055141579732	0.650833754421425
0.6453055141579732	0.6513390601313794
0.6453055141579732	0.6513390601313794
0.6453055141579732	0.6513390601313794
0.6453055141579732	0.651844365841334
0.646795827123696	0.651844365841334
0.646795827123696	0.651844365841334
0.646795827123696	0.6523496715512885
0.646795827123696	0.6523496715512885
0.646795827123696	0.6523496715512885
0.646795827123696	0.6528549772612431
0.646795827123696	0.6528549772612431
0.6482861400894188	0.6528549772612431
0.6482861400894188	0.6533602829711975
0.6482861400894188	0.6533602829711975
0.6497764530551415	0.6533602829711975
0.6497764530551415	0.6538655886811521
0.6497764530551415	0.6538655886811521
0.6497764530551415	0.6538655886811521
0.6512667660208644	0.6538655886811521
0.6512667660208644	0.6543708943911066
0.6512667660208644	0.6548762001010612
0.6512667660208644	0.6548762001010612
0.6512667660208644	0.6548762001010612
0.6512667660208644	0.6553815058110156
0.6527570789865872	0.6553815058110156
0.6527570789865872	0.6558868115209702
0.6527570789865872	0.6558868115209702
0.6527570789865872	0.6563921172309247
0.6527570789865872	0.6568974229408793
0.65424739195231	0.6568974229408793
0.65424739195231	0.6568974229408793
0.65424739195231	0.6574027286508337
0.65424739195231	0.6574027286508337
0.65424739195231	0.6579080343607883
0.6557377049180327	0.6579080343607883
0.6557377049180327	0.6584133400707428
0.6557377049180327	0.6589186457806974
0.6557377049180327	0.6589186457806974
0.6572280178837556	0.6589186457806974
0.6572280178837556	0.6594239514906518
0.6572280178837556	0.6599292572006064
0.6572280178837556	0.6604345629105609
0.6572280178837556	0.6604345629105609
0.6572280178837556	0.6609398686205155
0.6572280178837556	0.6614451743304699
0.6572280178837556	0.6614451743304699
0.6572280178837556	0.6619504800404244
0.6572280178837556	0.6619504800404244
0.6572280178837556	0.662455785750379
0.6587183308494784	0.662455785750379
0.6587183308494784	0.6629610914603336
0.6587183308494784	0.663466397170288
0.6587183308494784	0.6639717028802425
0.6587183308494784	0.6644770085901971
0.6587183308494784	0.6644770085901971
0.6587183308494784	0.6649823143001516
0.6587183308494784	0.6654876200101061
0.6602086438152012	0.6654876200101061
0.6616989567809239	0.6654876200101061
0.6631892697466468	0.6654876200101061
0.6631892697466468	0.6659929257200606
0.6631892697466468	0.6664982314300152
0.6631892697466468	0.6670035371399696
0.6631892697466468	0.6670035371399696
0.6631892697466468	0.6675088428499242
0.6631892697466468	0.6680141485598787
0.6631892697466468	0.6680141485598787
0.6631892697466468	0.6685194542698333
0.6631892697466468	0.6685194542698333
0.6631892697466468	0.6690247599797877
0.6631892697466468	0.6695300656897423
0.6631892697466468	0.6700353713996968
0.6631892697466468	0.6700353713996968
0.6631892697466468	0.6700353713996968
0.6631892697466468	0.6700353713996968
0.6631892697466468	0.6705406771096514
0.6631892697466468	0.6705406771096514
0.6631892697466468	0.6710459828196058
0.6631892697466468	0.6715512885295604
0.6631892697466468	0.6715512885295604
0.6631892697466468	0.6720565942395149
0.6631892697466468	0.6720565942395149
0.6631892697466468	0.6720565942395149
0.6631892697466468	0.6720565942395149
0.6631892697466468	0.6725618999494695
0.6631892697466468	0.6730672056594239
0.6631892697466468	0.6730672056594239
0.6631892697466468	0.6735725113693785
0.6631892697466468	0.674077817079333
0.6646795827123696	0.674077817079333
0.6646795827123696	0.674077817079333
0.6646795827123696	0.6745831227892876
0.6661698956780924	0.6745831227892876
0.6661698956780924	0.675088428499242
0.6676602086438153	0.675088428499242
0.6676602086438153	0.6755937342091966
0.6676602086438153	0.6755937342091966
0.6676602086438153	0.6760990399191511
0.6676602086438153	0.6760990399191511
0.6676602086438153	0.6766043456291057
0.6676602086438153	0.6771096513390601
0.6676602086438153	0.6776149570490146
0.6676602086438153	0.6781202627589692
0.6676602086438153	0.6781202627589692
0.669150521609538	0.6781202627589692
0.669150521609538	0.6781202627589692
0.669150521609538	0.6786255684689237
0.6706408345752608	0.6786255684689237
0.6706408345752608	0.6786255684689237
0.6706408345752608	0.6791308741788782
0.6721311475409836	0.6791308741788782
0.6736214605067065	0.6791308741788782
0.6736214605067065	0.6796361798888327
0.6736214605067065	0.6801414855987873
0.6736214605067065	0.6801414855987873
0.6736214605067065	0.6801414855987873
0.6736214605067065	0.6801414855987873
0.6751117734724292	0.6801414855987873
0.6751117734724292	0.6806467913087418
0.6751117734724292	0.6806467913087418
0.676602086438152	0.6806467913087418
0.6780923994038748	0.6806467913087418
0.6780923994038748	0.6806467913087418
0.6795827123695977	0.6806467913087418
0.6810730253353204	0.6806467913087418
0.6810730253353204	0.6811520970186963
0.6810730253353204	0.6811520970186963
0.6810730253353204	0.6811520970186963
0.6810730253353204	0.6811520970186963
0.6810730253353204	0.6811520970186963
0.6810730253353204	0.6816574027286508
0.6825633383010432	0.6816574027286508
0.6825633383010432	0.6816574027286508
0.6825633383010432	0.6821627084386054
0.6825633383010432	0.6826680141485599
0.6825633383010432	0.6826680141485599
0.6825633383010432	0.6831733198585144
0.6825633383010432	0.6831733198585144
0.6825633383010432	0.6831733198585144
0.6825633383010432	0.6831733198585144
0.6825633383010432	0.6836786255684689
0.6825633383010432	0.6841839312784235
0.6825633383010432	0.6841839312784235
0.6825633383010432	0.6841839312784235
0.6825633383010432	0.6841839312784235
0.6825633383010432	0.6841839312784235
0.6825633383010432	0.6841839312784235
0.6825633383010432	0.6841839312784235
0.6825633383010432	0.6846892369883779
0.6825633383010432	0.6846892369883779
0.6825633383010432	0.6846892369883779
0.6825633383010432	0.6846892369883779
0.6825633383010432	0.6846892369883779
0.6825633383010432	0.6846892369883779
0.684053651266766	0.6846892369883779
0.684053651266766	0.6851945426983325
0.6855439642324889	0.6851945426983325
0.6855439642324889	0.685699848408287
0.6855439642324889	0.685699848408287
0.6855439642324889	0.6862051541182416
0.6855439642324889	0.686710459828196
0.6855439642324889	0.686710459828196
0.6855439642324889	0.6872157655381506
0.6855439642324889	0.6872157655381506
0.6870342771982116	0.6872157655381506
0.6870342771982116	0.6877210712481051
0.6885245901639344	0.6877210712481051
0.6900149031296572	0.6877210712481051
0.6900149031296572	0.6882263769580597
0.6900149031296572	0.6882263769580597
0.6900149031296572	0.6887316826680141
0.6900149031296572	0.6887316826680141
0.6900149031296572	0.6887316826680141
0.6915052160953801	0.6887316826680141
0.6915052160953801	0.6892369883779687
0.6915052160953801	0.6892369883779687
0.6915052160953801	0.6892369883779687
0.6915052160953801	0.6897422940879232
0.6915052160953801	0.6897422940879232
0.6915052160953801	0.6897422940879232
0.6915052160953801	0.6897422940879232
0.6929955290611028	0.6897422940879232
0.6929955290611028	0.6902475997978778
0.6929955290611028	0.6902475997978778
0.6929955290611028	0.6907529055078322
0.6929955290611028	0.6907529055078322
0.6929955290611028	0.6907529055078322
0.6929955290611028	0.6912582112177867
0.6929955290611028	0.6917635169277413
0.6929955290611028	0.6922688226376958
0.6929955290611028	0.6927741283476503
0.6929955290611028	0.6932794340576048
0.6929955290611028	0.6932794340576048
0.6929955290611028	0.6937847397675594
0.6929955290611028	0.6942900454775139
0.6929955290611028	0.6942900454775139
0.6929955290611028	0.6942900454775139
0.6944858420268256	0.6942900454775139
0.6944858420268256	0.6947953511874684
0.6944858420268256	0.6953006568974229
0.6944858420268256	0.6958059626073775
0.6944858420268256	0.696311268317332
0.6944858420268256	0.6968165740272865
0.6944858420268256	0.697321879737241
0.6944858420268256	0.697321879737241
0.6944858420268256	0.697321879737241
0.6944858420268256	0.6978271854471956
0.6944858420268256	0.6978271854471956
0.6944858420268256	0.6983324911571501
0.6944858420268256	0.6988377968671046
0.6944858420268256	0.6993431025770591
0.6959761549925484	0.6993431025770591
0.6959761549925484	0.6993431025770591
0.6959761549925484	0.6998484082870137
0.6959761549925484	0.6998484082870137
0.6959761549925484	0.6998484082870137
0.6959761549925484	0.6998484082870137
0.6959761549925484	0.7003537139969682
0.6959761549925484	0.7003537139969682
0.6959761549925484	0.7003537139969682
0.6974664679582713	0.7003537139969682
0.6974664679582713	0.7008590197069227
0.6974664679582713	0.7008590197069227
0.6974664679582713	0.7013643254168772
0.6974664679582713	0.7018696311268318
0.6974664679582713	0.7023749368367862
0.698956780923994	0.7023749368367862
0.698956780923994	0.7028802425467408
0.698956780923994	0.7028802425467408
0.698956780923994	0.7033855482566953
0.698956780923994	0.7033855482566953
0.698956780923994	0.7033855482566953
0.7004470938897168	0.7033855482566953
0.7019374068554396	0.7033855482566953
0.7019374068554396	0.7033855482566953
0.7034277198211625	0.7033855482566953
0.7034277198211625	0.7038908539666499
0.7034277198211625	0.7038908539666499
0.7049180327868853	0.7038908539666499
0.7049180327868853	0.7043961596766043
0.7049180327868853	0.7043961596766043
0.7049180327868853	0.7043961596766043
0.7049180327868853	0.7049014653865588
0.706408345752608	0.7049014653865588
0.706408345752608	0.7049014653865588
0.706408345752608	0.7054067710965134
0.706408345752608	0.7054067710965134
0.706408345752608	0.7054067710965134
0.706408345752608	0.705912076806468
0.7078986587183308	0.705912076806468
0.7093889716840537	0.705912076806468
0.7093889716840537	0.705912076806468
0.7093889716840537	0.705912076806468
0.7093889716840537	0.705912076806468
0.7108792846497765	0.705912076806468
0.7108792846497765	0.7064173825164224
0.7108792846497765	0.7064173825164224
0.7108792846497765	0.7064173825164224
0.7108792846497765	0.7069226882263769
0.7123695976154992	0.7069226882263769
0.713859910581222	0.7069226882263769
0.713859910581222	0.7074279939363315
0.713859910581222	0.7074279939363315
0.713859910581222	0.707933299646286
0.7153502235469449	0.707933299646286
0.7153502235469449	0.7084386053562405
0.7153502235469449	0.708943911066195
0.7153502235469449	0.7094492167761496
0.7153502235469449	0.7099545224861041
0.7153502235469449	0.7099545224861041
0.7153502235469449	0.7099545224861041
0.7153502235469449	0.7099545224861041
0.7153502235469449	0.7104598281960586
0.7153502235469449	0.7104598281960586
0.7153502235469449	0.7104598281960586
0.7153502235469449	0.7104598281960586
0.7153502235469449	0.7104598281960586
0.7153502235469449	0.7109651339060131
0.7153502235469449	0.7109651339060131
0.7153502235469449	0.7109651339060131
0.7153502235469449	0.7114704396159677
0.7168405365126677	0.7114704396159677
0.7168405365126677	0.7114704396159677
0.7168405365126677	0.7114704396159677
0.7168405365126677	0.7119757453259222
0.7168405365126677	0.7124810510358767
0.7168405365126677	0.7124810510358767
0.7183308494783904	0.7124810510358767
0.7198211624441133	0.7124810510358767
0.7198211624441133	0.7129863567458312
0.7198211624441133	0.7129863567458312
0.7198211624441133	0.7129863567458312
0.7198211624441133	0.7134916624557858
0.7213114754098361	0.7134916624557858
0.7213114754098361	0.7139969681657403
0.7213114754098361	0.7139969681657403
0.7213114754098361	0.7139969681657403
0.7213114754098361	0.7139969681657403
0.7213114754098361	0.7139969681657403
0.7228017883755589	0.7139969681657403
0.7242921013412816	0.7139969681657403
0.7242921013412816	0.7139969681657403
0.7242921013412816	0.7145022738756948
0.7242921013412816	0.7145022738756948
0.7242921013412816	0.7150075795856493
0.7242921013412816	0.7150075795856493
0.7242921013412816	0.7155128852956039
0.7242921013412816	0.7155128852956039
0.7242921013412816	0.7160181910055584
0.7257824143070045	0.7160181910055584
0.7257824143070045	0.7160181910055584
0.7257824143070045	0.7160181910055584
0.7257824143070045	0.7160181910055584
0.7272727272727273	0.7160181910055584
0.7272727272727273	0.7160181910055584
0.7287630402384501	0.7160181910055584
0.7287630402384501	0.7165234967155129
0.7302533532041728	0.7165234967155129
0.7317436661698957	0.7165234967155129
0.7317436661698957	0.7165234967155129
0.7317436661698957	0.7165234967155129
0.7317436661698957	0.7165234967155129
0.7332339791356185	0.7165234967155129
0.7332339791356185	0.7170288024254674
0.7332339791356185	0.717534108135422
0.7332339791356185	0.7180394138453765
0.7332339791356185	0.7180394138453765
0.7332339791356185	0.718544719555331
0.7332339791356185	0.7190500252652855
0.7332339791356185	0.7190500252652855
0.7332339791356185	0.71955533097524
0.7332339791356185	0.71955533097524
0.7332339791356185	0.71955533097524
0.7347242921013413	0.71955533097524
0.7347242921013413	0.71955533097524
0.7347242921013413	0.71955533097524
0.7347242921013413	0.71955533097524
0.7347242921013413	0.7200606366851945
0.7347242921013413	0.7200606366851945
0.7347242921013413	0.7200606366851945
0.7347242921013413	0.7200606366851945
0.7347242921013413	0.720565942395149
0.7347242921013413	0.7210712481051036
0.7347242921013413	0.7215765538150581
0.7347242921013413	0.7220818595250126
0.736214605067064	0.7220818595250126
0.736214605067064	0.7225871652349671
0.736214605067064	0.7225871652349671
0.736214605067064	0.7225871652349671
0.736214605067064	0.7225871652349671
0.736214605067064	0.7225871652349671
0.736214605067064	0.7230924709449217
0.736214605067064	0.7230924709449217
0.7377049180327869	0.7230924709449217
0.7377049180327869	0.7235977766548762
0.7377049180327869	0.7241030823648307
0.7377049180327869	0.7246083880747852
0.7377049180327869	0.7246083880747852
0.7377049180327869	0.7251136937847398
0.7377049180327869	0.7256189994946943
0.7377049180327869	0.7256189994946943
0.7391952309985097	0.7256189994946943
0.7406855439642325	0.7256189994946943
0.7406855439642325	0.7261243052046488
0.7406855439642325	0.7261243052046488
0.7406855439642325	0.7266296109146033
0.7406855439642325	0.7266296109146033
0.7406855439642325	0.7271349166245579
0.7421758569299552	0.7271349166245579
0.7421758569299552	0.7276402223345124
0.7436661698956781	0.7276402223345124
0.7451564828614009	0.7276402223345124
0.7451564828614009	0.7281455280444669
0.7451564828614009	0.7281455280444669
0.7451564828614009	0.7286508337544214
0.7451564828614009	0.7286508337544214
0.7451564828614009	0.729156139464376
0.7451564828614009	0.729156139464376
0.7451564828614009	0.7296614451743305
0.7451564828614009	0.730166750884285
0.7451564828614009	0.7306720565942395
0.7466467958271237	0.7306720565942395
0.7466467958271237	0.7311773623041941
0.7466467958271237	0.7316826680141486
0.7466467958271237	0.7316826680141486
0.7481371087928465	0.7316826680141486
0.7481371087928465	0.732187973724103
0.7481371087928465	0.732187973724103
0.7481371087928465	0.7326932794340576
0.7481371087928465	0.7331985851440121
0.7481371087928465	0.7337038908539667
0.7496274217585693	0.7337038908539667
0.7496274217585693	0.7337038908539667
0.7496274217585693	0.7337038908539667
0.7511177347242921	0.7337038908539667
0.7511177347242921	0.7337038908539667
0.7526080476900149	0.7337038908539667
0.7526080476900149	0.7337038908539667
0.7526080476900149	0.7342091965639211
0.7526080476900149	0.7347145022738757
0.7526080476900149	0.7347145022738757
0.7526080476900149	0.7352198079838302
0.7526080476900149	0.7357251136937848
0.7540983606557377	0.7357251136937848
0.7540983606557377	0.7357251136937848
0.7540983606557377	0.7357251136937848
0.7540983606557377	0.7362304194037392
0.7540983606557377	0.7367357251136938
0.7540983606557377	0.7367357251136938
0.7540983606557377	0.7372410308236483
0.7555886736214605	0.7372410308236483
0.7555886736214605	0.7377463365336028
0.7555886736214605	0.7377463365336028
0.7555886736214605	0.7382516422435573
0.7555886736214605	0.7382516422435573
0.7555886736214605	0.7382516422435573
0.7555886736214605	0.7382516422435573
0.7555886736214605	0.7387569479535119
0.7555886736214605	0.7387569479535119
0.7555886736214605	0.7387569479535119
0.7555886736214605	0.7392622536634664
0.7570789865871833	0.7392622536634664
0.7570789865871833	0.7392622536634664
0.7570789865871833	0.7397675593734209
0.7570789865871833	0.7402728650833754
0.7570789865871833	0.7402728650833754
0.7585692995529061	0.7402728650833754
0.7585692995529061	0.74077817079333
0.7600596125186289	0.74077817079333
0.7600596125186289	0.74077817079333
0.7615499254843517	0.74077817079333
0.7615499254843517	0.7412834765032845
0.7630402384500745	0.7412834765032845
0.7630402384500745	0.7412834765032845
0.7630402384500745	0.7412834765032845
0.7630402384500745	0.7412834765032845
0.7630402384500745	0.741788782213239
0.7630402384500745	0.741788782213239
0.7630402384500745	0.7422940879231935
0.7645305514157973	0.7422940879231935
0.7645305514157973	0.7422940879231935
0.7660208643815202	0.7422940879231935
0.7660208643815202	0.7427993936331481
0.7660208643815202	0.7433046993431026
0.7660208643815202	0.7433046993431026
0.7660208643815202	0.7433046993431026
0.7660208643815202	0.743810005053057
0.7660208643815202	0.7443153107630116
0.7660208643815202	0.7443153107630116
0.767511177347243	0.7443153107630116
0.767511177347243	0.7448206164729662
0.767511177347243	0.7453259221829207
0.767511177347243	0.7458312278928751
0.767511177347243	0.7463365336028297
0.767511177347243	0.7468418393127843
0.767511177347243	0.7473471450227388
0.767511177347243	0.7478524507326932
0.767511177347243	0.7478524507326932
0.767511177347243	0.7478524507326932
0.7690014903129657	0.7478524507326932
0.7690014903129657	0.7478524507326932
0.7690014903129657	0.7483577564426478
0.7690014903129657	0.7488630621526023
0.7704918032786885	0.7488630621526023
0.7704918032786885	0.7488630621526023
0.7704918032786885	0.7488630621526023
0.7719821162444114	0.7488630621526023
0.7734724292101341	0.7488630621526023
0.7749627421758569	0.7488630621526023
0.7764530551415797	0.7488630621526023
0.7764530551415797	0.7493683678625569
0.7764530551415797	0.7498736735725113
0.7764530551415797	0.7503789792824659
0.7779433681073026	0.7503789792824659
0.7779433681073026	0.7508842849924204
0.7779433681073026	0.751389590702375
0.7779433681073026	0.7518948964123294
0.7779433681073026	0.7518948964123294
0.7779433681073026	0.7518948964123294
0.7779433681073026	0.7518948964123294
0.7779433681073026	0.752400202122284
0.7779433681073026	0.752400202122284
0.7779433681073026	0.752400202122284
0.7779433681073026	0.752400202122284
0.7779433681073026	0.752400202122284
0.7779433681073026	0.7529055078322385
0.7794336810730254	0.7529055078322385
0.7794336810730254	0.7529055078322385
0.7794336810730254	0.7534108135421931
0.7794336810730254	0.7539161192521475
0.7794336810730254	0.7539161192521475
0.7794336810730254	0.7544214249621021
0.7809239940387481	0.7544214249621021
0.7809239940387481	0.7544214249621021
0.7809239940387481	0.7544214249621021
0.7809239940387481	0.7549267306720566
0.7809239940387481	0.7549267306720566
0.7824143070044709	0.7549267306720566
0.7824143070044709	0.7554320363820111
0.7824143070044709	0.7559373420919656
0.7824143070044709	0.7564426478019202
0.7824143070044709	0.7564426478019202
0.7824143070044709	0.7569479535118747
0.7839046199701938	0.7569479535118747
0.7839046199701938	0.7569479535118747
0.7839046199701938	0.7569479535118747
0.7839046199701938	0.7574532592218292
0.7839046199701938	0.7579585649317837
0.7839046199701938	0.7584638706417383
0.7853949329359166	0.7584638706417383
0.7853949329359166	0.7584638706417383
0.7853949329359166	0.7589691763516928
0.7853949329359166	0.7589691763516928
0.7853949329359166	0.7594744820616472
0.7868852459016393	0.7594744820616472
0.7868852459016393	0.7599797877716018
0.7868852459016393	0.7604850934815564
0.7868852459016393	0.7604850934815564
0.7868852459016393	0.7609903991915109
0.7868852459016393	0.7609903991915109
0.7868852459016393	0.7609903991915109
0.7868852459016393	0.7614957049014653
0.7868852459016393	0.7620010106114199
0.7868852459016393	0.7620010106114199
0.7868852459016393	0.7625063163213744
0.7868852459016393	0.7625063163213744
0.7868852459016393	0.7625063163213744
0.7868852459016393	0.7625063163213744
0.7883755588673621	0.7625063163213744
0.7883755588673621	0.763011622031329
0.7883755588673621	0.763011622031329
0.7883755588673621	0.763011622031329
0.7883755588673621	0.7635169277412834
0.789865871833085	0.7635169277412834
0.789865871833085	0.7635169277412834
0.789865871833085	0.764022233451238
0.789865871833085	0.7645275391611925
0.789865871833085	0.7645275391611925
0.789865871833085	0.7650328448711471
0.789865871833085	0.7655381505811015
0.789865871833085	0.7655381505811015
0.789865871833085	0.7660434562910561
0.789865871833085	0.7665487620010106
0.7913561847988078	0.7665487620010106
0.7913561847988078	0.7670540677109652
0.7913561847988078	0.7675593734209196
0.7913561847988078	0.7675593734209196
0.7913561847988078	0.7680646791308742
0.7913561847988078	0.7685699848408287
0.7913561847988078	0.7690752905507833
0.7928464977645305	0.7690752905507833
0.7928464977645305	0.7690752905507833
0.7928464977645305	0.7695805962607377
0.7928464977645305	0.7700859019706923
0.7928464977645305	0.7700859019706923
0.7928464977645305	0.7705912076806468
0.7928464977645305	0.7710965133906014
0.7928464977645305	0.7710965133906014
0.7928464977645305	0.7716018191005558
0.7928464977645305	0.7716018191005558
0.7928464977645305	0.7721071248105104
0.7928464977645305	0.7721071248105104
0.7928464977645305	0.7726124305204649
0.7928464977645305	0.7726124305204649
0.7928464977645305	0.7731177362304194
0.7928464977645305	0.7731177362304194
0.7928464977645305	0.7736230419403739
0.7943368107302533	0.7736230419403739
0.7943368107302533	0.7736230419403739
0.7943368107302533	0.7736230419403739
0.7943368107302533	0.7736230419403739
0.7943368107302533	0.7741283476503285
0.7943368107302533	0.774633653360283
0.7958271236959762	0.774633653360283
0.7958271236959762	0.774633653360283
0.7958271236959762	0.774633653360283
0.7958271236959762	0.7751389590702374
0.7958271236959762	0.775644264780192
0.7958271236959762	0.775644264780192
0.7958271236959762	0.775644264780192
0.7958271236959762	0.7761495704901465
0.7958271236959762	0.7766548762001011
0.797317436661699	0.7766548762001011
0.797317436661699	0.7766548762001011
0.7988077496274217	0.7766548762001011
0.7988077496274217	0.7766548762001011
0.7988077496274217	0.7771601819100555
0.7988077496274217	0.7771601819100555
0.7988077496274217	0.7771601819100555
0.8002980625931445	0.7771601819100555
0.8002980625931445	0.7776654876200101
0.8017883755588674	0.7776654876200101
0.8017883755588674	0.7776654876200101
0.8017883755588674	0.7776654876200101
0.8032786885245902	0.7776654876200101
0.8032786885245902	0.7781707933299646
0.8032786885245902	0.7786760990399192
0.8032786885245902	0.7786760990399192
0.8032786885245902	0.7786760990399192
0.8032786885245902	0.7791814047498736
0.8032786885245902	0.7796867104598282
0.8032786885245902	0.7796867104598282
0.8032786885245902	0.7801920161697827
0.8032786885245902	0.7806973218797373
0.8032786885245902	0.7812026275896917
0.8047690014903129	0.7812026275896917
0.8047690014903129	0.7812026275896917
0.8047690014903129	0.7817079332996463
0.8047690014903129	0.7822132390096008
0.8047690014903129	0.7822132390096008
0.8062593144560357	0.7822132390096008
0.8062593144560357	0.7822132390096008
0.8062593144560357	0.7822132390096008
0.8062593144560357	0.7827185447195554
0.8062593144560357	0.7827185447195554
0.8062593144560357	0.7827185447195554
0.8062593144560357	0.7827185447195554
0.8062593144560357	0.7827185447195554
0.8062593144560357	0.7827185447195554
0.8062593144560357	0.7827185447195554
0.8062593144560357	0.7832238504295098
0.8062593144560357	0.7837291561394644
0.8062593144560357	0.7837291561394644
0.8062593144560357	0.7842344618494189
0.8062593144560357	0.7842344618494189
0.8062593144560357	0.7847397675593735
0.8062593144560357	0.7852450732693279
0.8062593144560357	0.7857503789792825
0.8062593144560357	0.786255684689237
0.8062593144560357	0.786255684689237
0.8062593144560357	0.7867609903991916
0.8062593144560357	0.787266296109146
0.8077496274217586	0.787266296109146
0.8077496274217586	0.787266296109146
0.8077496274217586	0.787266296109146
0.8092399403874814	0.787266296109146
0.8092399403874814	0.7877716018191006
0.8092399403874814	0.7882769075290551
0.8092399403874814	0.7887822132390097
0.8092399403874814	0.7887822132390097
0.8092399403874814	0.7892875189489641
0.8092399403874814	0.7892875189489641
0.8092399403874814	0.7897928246589186
0.8092399403874814	0.7897928246589186
0.8092399403874814	0.7902981303688732
0.8092399403874814	0.7902981303688732
0.8092399403874814	0.7908034360788276
0.8092399403874814	0.7913087417887822
0.8092399403874814	0.7918140474987367
0.8092399403874814	0.7923193532086913
0.8092399403874814	0.7928246589186457
0.8092399403874814	0.7933299646286003
0.8092399403874814	0.7938352703385548
0.8092399403874814	0.7943405760485094
0.8092399403874814	0.7948458817584638
0.8107302533532041	0.7948458817584638
0.8107302533532041	0.7953511874684184
0.8107302533532041	0.7953511874684184
0.812220566318927	0.7953511874684184
0.812220566318927	0.7958564931783729
0.812220566318927	0.7958564931783729
0.812220566318927	0.7958564931783729
0.812220566318927	0.7963617988883275
0.812220566318927	0.7963617988883275
0.812220566318927	0.7968671045982819
0.812220566318927	0.7968671045982819
0.8137108792846498	0.7968671045982819
0.8137108792846498	0.7968671045982819
0.8137108792846498	0.7968671045982819
0.8137108792846498	0.7973724103082365
0.8137108792846498	0.797877716018191
0.8137108792846498	0.797877716018191
0.8152011922503726	0.797877716018191
0.8152011922503726	0.797877716018191
0.8152011922503726	0.7983830217281456
0.8152011922503726	0.7983830217281456
0.8152011922503726	0.7988883274381
0.8152011922503726	0.7993936331480546
0.8152011922503726	0.7998989388580091
0.8166915052160953	0.7998989388580091
0.8166915052160953	0.8004042445679637
0.8166915052160953	0.8004042445679637
0.8166915052160953	0.8004042445679637
0.8181818181818182	0.8004042445679637
0.8181818181818182	0.8004042445679637
0.8181818181818182	0.8009095502779181
0.8181818181818182	0.8009095502779181
0.8181818181818182	0.8009095502779181
0.8181818181818182	0.8014148559878727
0.8181818181818182	0.8019201616978272
0.8181818181818182	0.8024254674077818
0.8181818181818182	0.8024254674077818
0.8181818181818182	0.8029307731177362
0.8181818181818182	0.8034360788276907
0.819672131147541	0.8034360788276907
0.819672131147541	0.8039413845376453
0.819672131147541	0.8039413845376453
0.819672131147541	0.8039413845376453
0.819672131147541	0.8039413845376453
0.819672131147541	0.8039413845376453
0.819672131147541	0.8044466902475998
0.819672131147541	0.8044466902475998
0.819672131147541	0.8044466902475998
0.8211624441132638	0.8044466902475998
0.8211624441132638	0.8044466902475998
0.8211624441132638	0.8044466902475998
0.8211624441132638	0.8049519959575543
0.8211624441132638	0.8054573016675088
0.8211624441132638	0.8054573016675088
0.8211624441132638	0.8054573016675088
0.8211624441132638	0.8054573016675088
0.8211624441132638	0.8059626073774634
0.8211624441132638	0.8064679130874179
0.8226527570789866	0.8064679130874179
0.8226527570789866	0.8064679130874179
0.8226527570789866	0.8069732187973724
0.8226527570789866	0.8074785245073269
0.8226527570789866	0.8074785245073269
0.8226527570789866	0.8074785245073269
0.8226527570789866	0.8074785245073269
0.8226527570789866	0.8079838302172815
0.8226527570789866	0.8079838302172815
0.8226527570789866	0.8079838302172815
0.8226527570789866	0.8079838302172815
0.8226527570789866	0.8084891359272359
0.8226527570789866	0.8089944416371905
0.8241430700447094	0.8089944416371905
0.8241430700447094	0.809499747347145
0.8256333830104322	0.809499747347145
0.827123695976155	0.809499747347145
0.827123695976155	0.809499747347145
0.827123695976155	0.8100050530570996
0.827123695976155	0.810510358767054
0.827123695976155	0.8110156644770086
0.8286140089418778	0.8110156644770086
0.8286140089418778	0.8115209701869631
0.8286140089418778	0.8115209701869631
0.8286140089418778	0.8115209701869631
0.8286140089418778	0.8120262758969177
0.8286140089418778	0.8125315816068721
0.8286140089418778	0.8130368873168267
0.8286140089418778	0.8130368873168267
0.8286140089418778	0.8130368873168267
0.8286140089418778	0.8135421930267812
0.8286140089418778	0.8135421930267812
0.8286140089418778	0.8140474987367358
0.8286140089418778	0.8140474987367358
0.8286140089418778	0.8145528044466902
0.8286140089418778	0.8145528044466902
0.8286140089418778	0.8145528044466902
0.8286140089418778	0.8145528044466902
0.8286140089418778	0.8145528044466902
0.8286140089418778	0.8145528044466902
0.8286140089418778	0.8150581101566448
0.8301043219076006	0.8150581101566448
0.8301043219076006	0.8150581101566448
0.8301043219076006	0.8150581101566448
0.8301043219076006	0.8155634158665993
0.8315946348733234	0.8155634158665993
0.8330849478390462	0.8155634158665993
0.8330849478390462	0.8160687215765539
0.8330849478390462	0.8160687215765539
0.8330849478390462	0.8165740272865083
0.8330849478390462	0.8165740272865083
0.8330849478390462	0.8170793329964628
0.8330849478390462	0.8170793329964628
0.8330849478390462	0.8170793329964628
0.8330849478390462	0.8170793329964628
0.8330849478390462	0.8170793329964628
0.8330849478390462	0.8170793329964628
0.8330849478390462	0.8170793329964628
0.8330849478390462	0.8170793329964628
0.8330849478390462	0.8175846387064174
0.8330849478390462	0.818089944416372
0.834575260804769	0.818089944416372
0.834575260804769	0.818089944416372
0.834575260804769	0.818089944416372
0.834575260804769	0.818089944416372
0.834575260804769	0.818089944416372
0.834575260804769	0.8185952501263264
0.834575260804769	0.8191005558362809
0.834575260804769	0.8196058615462355
0.834575260804769	0.82011116725619
0.834575260804769	0.82011116725619
0.834575260804769	0.8206164729661445
0.834575260804769	0.8206164729661445
0.834575260804769	0.821121778676099
0.834575260804769	0.8216270843860536
0.834575260804769	0.8216270843860536
0.834575260804769	0.8221323900960081
0.834575260804769	0.8221323900960081
0.834575260804769	0.8221323900960081
0.834575260804769	0.8221323900960081
0.834575260804769	0.8226376958059626
0.834575260804769	0.8226376958059626
0.834575260804769	0.8226376958059626
0.834575260804769	0.8231430015159171
0.834575260804769	0.8236483072258717
0.8360655737704918	0.8236483072258717
0.8360655737704918	0.8236483072258717
0.8360655737704918	0.8241536129358262
0.8360655737704918	0.8246589186457807
0.8360655737704918	0.8246589186457807
0.8375558867362146	0.8246589186457807
0.8375558867362146	0.8246589186457807
0.8375558867362146	0.8251642243557352
0.8375558867362146	0.8251642243557352
0.8375558867362146	0.8251642243557352
0.8375558867362146	0.8256695300656898
0.8390461997019374	0.8256695300656898
0.8390461997019374	0.8261748357756442
0.8390461997019374	0.8261748357756442
0.8405365126676602	0.8261748357756442
0.8405365126676602	0.8266801414855988
0.842026825633383	0.8266801414855988
0.842026825633383	0.8266801414855988
0.842026825633383	0.8271854471955533
0.842026825633383	0.8271854471955533
0.842026825633383	0.8271854471955533
0.8435171385991058	0.8271854471955533
0.8435171385991058	0.8276907529055079
0.8435171385991058	0.8281960586154623
0.8435171385991058	0.8281960586154623
0.8435171385991058	0.8281960586154623
0.8435171385991058	0.8287013643254169
0.8435171385991058	0.8292066700353714
0.8435171385991058	0.829711975745326
0.8435171385991058	0.829711975745326
0.8435171385991058	0.8302172814552804
0.8435171385991058	0.8302172814552804
0.8450074515648286	0.8302172814552804
0.8450074515648286	0.830722587165235
0.8450074515648286	0.8312278928751895
0.8450074515648286	0.8312278928751895
0.8450074515648286	0.831733198585144
0.8464977645305514	0.831733198585144
0.8464977645305514	0.831733198585144
0.8464977645305514	0.8322385042950985
0.8464977645305514	0.8322385042950985
0.8464977645305514	0.832743810005053
0.8464977645305514	0.832743810005053
0.8464977645305514	0.8332491157150076
0.8464977645305514	0.8337544214249621
0.8479880774962743	0.8337544214249621
0.849478390461997	0.8337544214249621
0.849478390461997	0.8342597271349166
0.849478390461997	0.8342597271349166
0.849478390461997	0.8347650328448711
0.849478390461997	0.8352703385548257
0.8509687034277198	0.8352703385548257
0.8509687034277198	0.8357756442647802
0.8509687034277198	0.8362809499747347
0.8509687034277198	0.8362809499747347
0.8509687034277198	0.8362809499747347
0.8509687034277198	0.8367862556846892
0.8509687034277198	0.8372915613946438
0.8509687034277198	0.8372915613946438
0.8509687034277198	0.8377968671045983
0.8509687034277198	0.8383021728145528
0.8509687034277198	0.8383021728145528
0.8509687034277198	0.8383021728145528
0.8509687034277198	0.8383021728145528
0.8509687034277198	0.8388074785245073
0.8509687034277198	0.8393127842344619
0.8509687034277198	0.8398180899444164
0.8524590163934426	0.8398180899444164
0.8539493293591655	0.8398180899444164
0.8554396423248882	0.8398180899444164
0.8554396423248882	0.8398180899444164
0.856929955290611	0.8398180899444164
0.856929955290611	0.8398180899444164
0.856929955290611	0.8403233956543709
0.856929955290611	0.8408287013643254
0.856929955290611	0.84133400707428
0.8584202682563339	0.84133400707428
0.8584202682563339	0.8418393127842345
0.8584202682563339	0.842344618494189
0.8584202682563339	0.8428499242041435
0.8584202682563339	0.8433552299140981
0.8584202682563339	0.8433552299140981
0.8584202682563339	0.8438605356240525
0.8584202682563339	0.844365841334007
0.8584202682563339	0.8448711470439616
0.8599105812220567	0.8448711470439616
0.8599105812220567	0.8453764527539162
0.8599105812220567	0.8458817584638706
0.8599105812220567	0.8463870641738251
0.8614008941877794	0.8463870641738251
0.8614008941877794	0.8468923698837797
0.8614008941877794	0.8468923698837797
0.8628912071535022	0.8468923698837797
0.8628912071535022	0.8468923698837797
0.8628912071535022	0.8468923698837797
0.8628912071535022	0.8473976755937342
0.8628912071535022	0.8479029813036887
0.8628912071535022	0.8484082870136432
0.8628912071535022	0.8489135927235978
0.8628912071535022	0.8494188984335523
0.8628912071535022	0.8499242041435068
0.8628912071535022	0.8504295098534613
0.8628912071535022	0.8509348155634159
0.8628912071535022	0.8509348155634159
0.8628912071535022	0.8514401212733704
0.8628912071535022	0.8519454269833249
0.8628912071535022	0.8519454269833249
0.8628912071535022	0.8524507326932794
0.8628912071535022	0.852956038403234
0.8628912071535022	0.8534613441131885
0.8628912071535022	0.8534613441131885
0.8628912071535022	0.8534613441131885
0.8628912071535022	0.8534613441131885
0.8628912071535022	0.8534613441131885
0.8628912071535022	0.8534613441131885
0.8628912071535022	0.853966649823143
0.8628912071535022	0.8544719555330975
0.8628912071535022	0.8549772612430521
0.8643815201192251	0.8549772612430521
0.8643815201192251	0.8554825669530066
0.8643815201192251	0.8559878726629611
0.8643815201192251	0.8564931783729156
0.8643815201192251	0.8564931783729156
0.8643815201192251	0.8569984840828702
0.8658718330849479	0.8569984840828702
0.8658718330849479	0.8575037897928247
0.8658718330849479	0.8575037897928247
0.8658718330849479	0.8575037897928247
0.8658718330849479	0.8580090955027792
0.8658718330849479	0.8580090955027792
0.8658718330849479	0.8580090955027792
0.8673621460506706	0.8580090955027792
0.8688524590163934	0.8580090955027792
0.8688524590163934	0.8585144012127337
0.8688524590163934	0.8590197069226883
0.8688524590163934	0.8590197069226883
0.8688524590163934	0.8595250126326428
0.8703427719821163	0.8595250126326428
0.8718330849478391	0.8595250126326428
0.8718330849478391	0.8595250126326428
0.8718330849478391	0.8595250126326428
0.8733233979135618	0.8595250126326428
0.8733233979135618	0.8600303183425972
0.8733233979135618	0.8600303183425972
0.8733233979135618	0.8605356240525518
0.8733233979135618	0.8610409297625063
0.8733233979135618	0.8610409297625063
0.8733233979135618	0.8610409297625063
0.8733233979135618	0.8615462354724608
0.8733233979135618	0.8620515411824153
0.8748137108792846	0.8620515411824153
0.8748137108792846	0.8625568468923699
0.8748137108792846	0.8630621526023244
0.8748137108792846	0.8630621526023244
0.8748137108792846	0.8630621526023244
0.8748137108792846	0.8630621526023244
0.8763040238450075	0.8630621526023244
0.8763040238450075	0.8630621526023244
0.8763040238450075	0.8635674583122789
0.8763040238450075	0.8635674583122789
0.8763040238450075	0.8635674583122789
0.8763040238450075	0.8640727640222334
0.8763040238450075	0.8640727640222334
0.8763040238450075	0.8640727640222334
0.8763040238450075	0.864578069732188
0.8777943368107303	0.864578069732188
0.8777943368107303	0.8650833754421425
0.8777943368107303	0.8650833754421425
0.8777943368107303	0.865588681152097
0.8777943368107303	0.865588681152097
0.8777943368107303	0.865588681152097
0.8777943368107303	0.865588681152097
0.8777943368107303	0.865588681152097
0.8777943368107303	0.8660939868620515
0.8777943368107303	0.8665992925720061
0.8777943368107303	0.8665992925720061
0.879284649776453	0.8665992925720061
0.879284649776453	0.8665992925720061
0.8807749627421758	0.8665992925720061
0.8807749627421758	0.8671045982819606
0.8807749627421758	0.8676099039919151
0.8807749627421758	0.8681152097018696
0.8807749627421758	0.8681152097018696
0.8807749627421758	0.8681152097018696
0.8807749627421758	0.8681152097018696
0.8807749627421758	0.8686205154118242
0.8807749627421758	0.8686205154118242
0.8807749627421758	0.8686205154118242
0.8807749627421758	0.8691258211217787
0.8807749627421758	0.8696311268317332
0.8807749627421758	0.8701364325416877
0.8807749627421758	0.8706417382516423
0.8807749627421758	0.8711470439615968
0.8807749627421758	0.8716523496715513
0.8807749627421758	0.8716523496715513
0.8807749627421758	0.8721576553815058
0.8807749627421758	0.8721576553815058
0.8807749627421758	0.8726629610914604
0.8807749627421758	0.8731682668014149
0.8807749627421758	0.8736735725113693
0.8807749627421758	0.8736735725113693
0.8807749627421758	0.8736735725113693
0.8807749627421758	0.8741788782213239
0.8807749627421758	0.8741788782213239
0.8807749627421758	0.8746841839312784
0.8807749627421758	0.875189489641233
0.8807749627421758	0.875189489641233
0.8807749627421758	0.8756947953511874
0.8807749627421758	0.8756947953511874
0.8807749627421758	0.876200101061142
0.8807749627421758	0.8767054067710965
0.8807749627421758	0.877210712481051
0.8807749627421758	0.8777160181910055
0.8807749627421758	0.8777160181910055
0.8807749627421758	0.8782213239009601
0.8807749627421758	0.8787266296109146
0.8807749627421758	0.8787266296109146
0.8807749627421758	0.8787266296109146
0.8807749627421758	0.8787266296109146
0.8807749627421758	0.8787266296109146
0.8807749627421758	0.8787266296109146
0.8807749627421758	0.8787266296109146
0.8807749627421758	0.8787266296109146
0.8807749627421758	0.8787266296109146
0.8822652757078987	0.8787266296109146
0.8822652757078987	0.8792319353208691
0.8822652757078987	0.8797372410308236
0.8822652757078987	0.8797372410308236
0.8822652757078987	0.8802425467407782
0.8822652757078987	0.8802425467407782
0.8822652757078987	0.8802425467407782
0.8822652757078987	0.8807478524507327
0.8822652757078987	0.8807478524507327
0.8837555886736215	0.8807478524507327
0.8837555886736215	0.8812531581606872
0.8837555886736215	0.8817584638706417
0.8852459016393442	0.8817584638706417
0.8852459016393442	0.8817584638706417
0.886736214605067	0.8817584638706417
0.886736214605067	0.8817584638706417
0.886736214605067	0.8822637695805963
0.886736214605067	0.8822637695805963
0.886736214605067	0.8822637695805963
0.886736214605067	0.8827690752905508
0.886736214605067	0.8832743810005053
0.886736214605067	0.8832743810005053
0.886736214605067	0.8837796867104598
0.8882265275707899	0.8837796867104598
0.8882265275707899	0.8842849924204144
0.8882265275707899	0.8847902981303689
0.8882265275707899	0.8852956038403234
0.8882265275707899	0.8858009095502779
0.8882265275707899	0.8858009095502779
0.8882265275707899	0.8863062152602325
0.8882265275707899	0.886811520970187
0.8882265275707899	0.886811520970187
0.8882265275707899	0.8873168266801414
0.8882265275707899	0.887822132390096
0.8897168405365127	0.887822132390096
0.8897168405365127	0.887822132390096
0.8897168405365127	0.8883274381000505
0.8897168405365127	0.8888327438100051
0.8897168405365127	0.8888327438100051
0.8897168405365127	0.8888327438100051
0.8897168405365127	0.8893380495199595
0.8897168405365127	0.8898433552299141
0.8897168405365127	0.8903486609398686
0.8897168405365127	0.8903486609398686
0.8897168405365127	0.8908539666498232
0.8897168405365127	0.8913592723597776
0.8897168405365127	0.8918645780697322
0.8897168405365127	0.8923698837796867
0.8897168405365127	0.8928751894896413
0.8897168405365127	0.8933804951995957
0.8897168405365127	0.8933804951995957
0.8897168405365127	0.8933804951995957
0.8897168405365127	0.8938858009095503
0.8897168405365127	0.8943911066195048
0.8912071535022354	0.8943911066195048
0.8912071535022354	0.8948964123294593
0.8912071535022354	0.8954017180394138
0.8912071535022354	0.8959070237493684
0.8926974664679582	0.8959070237493684
0.8926974664679582	0.8959070237493684
0.8926974664679582	0.8964123294593229
0.8926974664679582	0.8969176351692774
0.8926974664679582	0.8969176351692774
0.8926974664679582	0.8969176351692774
0.8926974664679582	0.8969176351692774
0.8926974664679582	0.8974229408792319
0.8926974664679582	0.8974229408792319
0.8926974664679582	0.8979282465891865
0.8926974664679582	0.898433552299141
0.8926974664679582	0.8989388580090955
0.8926974664679582	0.8989388580090955
0.8941877794336811	0.8989388580090955
0.8941877794336811	0.89944416371905
0.8941877794336811	0.89944416371905
0.8941877794336811	0.8999494694290046
0.8956780923994039	0.8999494694290046
0.8956780923994039	0.8999494694290046
0.8956780923994039	0.9004547751389591
0.8956780923994039	0.9004547751389591
0.8956780923994039	0.9009600808489135
0.8956780923994039	0.9009600808489135
0.8956780923994039	0.9014653865588681
0.8956780923994039	0.9014653865588681
0.8956780923994039	0.9019706922688226
0.8956780923994039	0.9024759979787772
0.8956780923994039	0.9029813036887316
0.8971684053651267	0.9029813036887316
0.8986587183308494	0.9029813036887316
0.8986587183308494	0.9029813036887316
0.8986587183308494	0.9034866093986862
0.9001490312965723	0.9034866093986862
0.9016393442622951	0.9034866093986862
0.9016393442622951	0.9039919151086407
0.9016393442622951	0.9039919151086407
0.9016393442622951	0.9044972208185953
0.9016393442622951	0.9050025265285497
0.9016393442622951	0.9055078322385043
0.9031296572280179	0.9055078322385043
0.9031296572280179	0.9060131379484588
0.9046199701937406	0.9060131379484588
0.9046199701937406	0.9065184436584134
0.9046199701937406	0.9065184436584134
0.9046199701937406	0.9065184436584134
0.9046199701937406	0.9065184436584134
0.9046199701937406	0.9070237493683678
0.9046199701937406	0.9075290550783224
0.9046199701937406	0.9075290550783224
0.9046199701937406	0.9075290550783224
0.9046199701937406	0.9080343607882769
0.9046199701937406	0.9085396664982315
0.9046199701937406	0.9085396664982315
0.9046199701937406	0.9090449722081859
0.9061102831594635	0.9090449722081859
0.9061102831594635	0.9090449722081859
0.9061102831594635	0.9090449722081859
0.9061102831594635	0.9095502779181405
0.9061102831594635	0.9095502779181405
0.9076005961251863	0.9095502779181405
0.9076005961251863	0.9095502779181405
0.9076005961251863	0.910055583628095
0.9076005961251863	0.9105608893380496
0.9076005961251863	0.9105608893380496
0.9076005961251863	0.911066195048004
0.9076005961251863	0.9115715007579586
0.9076005961251863	0.9115715007579586
0.9076005961251863	0.9115715007579586
0.9076005961251863	0.9115715007579586
0.9076005961251863	0.9115715007579586
0.9076005961251863	0.9120768064679131
0.9076005961251863	0.9125821121778676
0.9076005961251863	0.9130874178878221
0.9076005961251863	0.9130874178878221
0.9076005961251863	0.9135927235977767
0.9076005961251863	0.9140980293077312
0.9076005961251863	0.9146033350176856
0.9076005961251863	0.9151086407276402
0.9090909090909091	0.9151086407276402
0.9090909090909091	0.9156139464375948
0.9090909090909091	0.9161192521475493
0.9090909090909091	0.9166245578575037
0.9090909090909091	0.9166245578575037
0.9090909090909091	0.9171298635674583
0.9090909090909091	0.9176351692774128
0.9090909090909091	0.9176351692774128
0.9090909090909091	0.9181404749873674
0.9090909090909091	0.9181404749873674
0.910581222056632	0.9181404749873674
0.910581222056632	0.9186457806973218
0.910581222056632	0.9191510864072764
0.910581222056632	0.9191510864072764
0.910581222056632	0.9191510864072764
0.9120715350223547	0.9191510864072764
0.9120715350223547	0.9196563921172309
0.9120715350223547	0.9201616978271855
0.9120715350223547	0.9206670035371399
0.9120715350223547	0.9211723092470945
0.9120715350223547	0.921677614957049
0.9120715350223547	0.9221829206670036
0.9135618479880775	0.9221829206670036
0.9150521609538003	0.9221829206670036
0.9165424739195231	0.9221829206670036
0.9165424739195231	0.922688226376958
0.9165424739195231	0.9231935320869126
0.9165424739195231	0.9231935320869126
0.9165424739195231	0.9236988377968671
0.9165424739195231	0.9236988377968671
0.9165424739195231	0.9242041435068217
0.9165424739195231	0.9242041435068217
0.9165424739195231	0.9247094492167761
0.9165424739195231	0.9252147549267307
0.9165424739195231	0.9252147549267307
0.9165424739195231	0.9252147549267307
0.9165424739195231	0.9252147549267307
0.9165424739195231	0.9257200606366852
0.9165424739195231	0.9262253663466398
0.9165424739195231	0.9262253663466398
0.9165424739195231	0.9262253663466398
0.9165424739195231	0.9267306720565942
0.9165424739195231	0.9272359777665488
0.9165424739195231	0.9277412834765033
0.9165424739195231	0.9277412834765033
0.9180327868852459	0.9277412834765033
0.9195230998509687	0.9277412834765033
0.9195230998509687	0.9277412834765033
0.9195230998509687	0.9277412834765033
0.9210134128166915	0.9277412834765033
0.9210134128166915	0.9282465891864579
0.9210134128166915	0.9287518948964123
0.9210134128166915	0.9292572006063669
0.9210134128166915	0.9292572006063669
0.9210134128166915	0.9297625063163214
0.9225037257824144	0.9297625063163214
0.9225037257824144	0.9302678120262758
0.9225037257824144	0.9302678120262758
0.9225037257824144	0.9302678120262758
0.9225037257824144	0.9302678120262758
0.9225037257824144	0.9307731177362304
0.9225037257824144	0.9312784234461849
0.9225037257824144	0.9312784234461849
0.9225037257824144	0.9312784234461849
0.9239940387481371	0.9312784234461849
0.9254843517138599	0.9312784234461849
0.9254843517138599	0.9317837291561395
0.9269746646795827	0.9317837291561395
0.9269746646795827	0.9322890348660939
0.9269746646795827	0.9327943405760485
0.9269746646795827	0.9327943405760485
0.9284649776453056	0.9327943405760485
0.9284649776453056	0.933299646286003
0.9284649776453056	0.933299646286003
0.9284649776453056	0.9338049519959576
0.9284649776453056	0.934310257705912
0.9284649776453056	0.934310257705912
0.9299552906110283	0.934310257705912
0.9299552906110283	0.934310257705912
0.9299552906110283	0.934310257705912
0.9314456035767511	0.934310257705912
0.9314456035767511	0.9348155634158666
0.9314456035767511	0.9348155634158666
0.9329359165424739	0.9348155634158666
0.9344262295081968	0.9348155634158666
0.9344262295081968	0.9348155634158666
0.9344262295081968	0.9353208691258211
0.9344262295081968	0.9353208691258211
0.9344262295081968	0.9353208691258211
0.9359165424739195	0.9353208691258211
0.9359165424739195	0.9353208691258211
0.9359165424739195	0.9353208691258211
0.9374068554396423	0.9353208691258211
0.9374068554396423	0.9353208691258211
0.9374068554396423	0.9358261748357757
0.9374068554396423	0.9363314805457301
0.9374068554396423	0.9363314805457301
0.9374068554396423	0.9363314805457301
0.9374068554396423	0.9363314805457301
0.9374068554396423	0.9363314805457301
0.9388971684053651	0.9363314805457301
0.9388971684053651	0.9368367862556847
0.940387481371088	0.9368367862556847
0.940387481371088	0.9373420919656392
0.940387481371088	0.9378473976755938
0.940387481371088	0.9383527033855482
0.940387481371088	0.9388580090955028
0.940387481371088	0.9388580090955028
0.9418777943368107	0.9388580090955028
0.9418777943368107	0.9393633148054573
0.9418777943368107	0.9393633148054573
0.9418777943368107	0.9398686205154119
0.9418777943368107	0.9403739262253663
0.9418777943368107	0.9403739262253663
0.9418777943368107	0.9403739262253663
0.9418777943368107	0.9408792319353209
0.9418777943368107	0.9408792319353209
0.9418777943368107	0.9408792319353209
0.9418777943368107	0.9413845376452754
0.9418777943368107	0.94188984335523
0.9433681073025335	0.94188984335523
0.9433681073025335	0.9423951490651844
0.9433681073025335	0.942900454775139
0.9433681073025335	0.9434057604850935
0.9433681073025335	0.9434057604850935
0.9433681073025335	0.9434057604850935
0.9433681073025335	0.943911066195048
0.9433681073025335	0.9444163719050025
0.9433681073025335	0.944921677614957
0.9433681073025335	0.944921677614957
0.9433681073025335	0.9454269833249116
0.9433681073025335	0.9459322890348661
0.9448584202682563	0.9459322890348661
0.9448584202682563	0.9459322890348661
0.9448584202682563	0.9464375947448206
0.9448584202682563	0.9469429004547751
0.9448584202682563	0.9474482061647297
0.9448584202682563	0.9474482061647297
0.9448584202682563	0.9474482061647297
0.9448584202682563	0.9474482061647297
0.9463487332339792	0.9474482061647297
0.9463487332339792	0.9474482061647297
0.9478390461997019	0.9474482061647297
0.9478390461997019	0.9474482061647297
0.9478390461997019	0.9479535118746841
0.9478390461997019	0.9479535118746841
0.9478390461997019	0.9479535118746841
0.9478390461997019	0.9484588175846387
0.9478390461997019	0.9489641232945932
0.9493293591654247	0.9489641232945932
0.9508196721311475	0.9489641232945932
0.9508196721311475	0.9494694290045478
0.9508196721311475	0.9499747347145022
0.9508196721311475	0.9504800404244568
0.9508196721311475	0.9509853461344113
0.9508196721311475	0.9509853461344113
0.9508196721311475	0.9514906518443659
0.9508196721311475	0.9514906518443659
0.9508196721311475	0.9514906518443659
0.9508196721311475	0.9514906518443659
0.9523099850968704	0.9514906518443659
0.9538002980625931	0.9514906518443659
0.9538002980625931	0.9514906518443659
0.9552906110283159	0.9514906518443659
0.9552906110283159	0.9519959575543203
0.9552906110283159	0.9519959575543203
0.9552906110283159	0.9519959575543203
0.9552906110283159	0.9519959575543203
0.9552906110283159	0.9519959575543203
0.9552906110283159	0.9519959575543203
0.9552906110283159	0.9519959575543203
0.9552906110283159	0.9519959575543203
0.9567809239940388	0.9519959575543203
0.9567809239940388	0.9519959575543203
0.9567809239940388	0.9519959575543203
0.9567809239940388	0.9525012632642749
0.9567809239940388	0.9525012632642749
0.9567809239940388	0.9530065689742294
0.9567809239940388	0.9530065689742294
0.9567809239940388	0.9530065689742294
0.9567809239940388	0.953511874684184
0.9567809239940388	0.953511874684184
0.9567809239940388	0.9540171803941384
0.9567809239940388	0.954522486104093
0.9582712369597616	0.954522486104093
0.9582712369597616	0.9550277918140475
0.9582712369597616	0.9550277918140475
0.9582712369597616	0.9555330975240021
0.9582712369597616	0.9560384032339565
0.9597615499254843	0.9560384032339565
0.9612518628912071	0.9560384032339565
0.9612518628912071	0.9560384032339565
0.9612518628912071	0.956543708943911
0.9612518628912071	0.9570490146538656
0.9612518628912071	0.9570490146538656
0.9612518628912071	0.9575543203638202
0.9612518628912071	0.9580596260737746
0.9612518628912071	0.9580596260737746
0.9612518628912071	0.9585649317837291
0.9612518628912071	0.9590702374936837
0.9612518628912071	0.9590702374936837
0.9612518628912071	0.9595755432036382
0.9612518628912071	0.9595755432036382
0.9612518628912071	0.9595755432036382
0.9612518628912071	0.9595755432036382
0.9612518628912071	0.9600808489135927
0.9612518628912071	0.9605861546235472
0.9612518628912071	0.9605861546235472
0.9612518628912071	0.9610914603335018
0.9612518628912071	0.9615967660434563
0.9612518628912071	0.9615967660434563
0.9612518628912071	0.9621020717534108
0.9612518628912071	0.9626073774633653
0.9612518628912071	0.9631126831733199
0.9612518628912071	0.9631126831733199
0.9612518628912071	0.9636179888832744
0.9612518628912071	0.9641232945932289
0.9612518628912071	0.9646286003031834
0.9612518628912071	0.9646286003031834
0.9612518628912071	0.9646286003031834
0.9612518628912071	0.9646286003031834
0.9612518628912071	0.965133906013138
0.9612518628912071	0.9656392117230924
0.9612518628912071	0.9656392117230924
0.96274217585693	0.9656392117230924
0.9642324888226528	0.9656392117230924
0.9642324888226528	0.966144517433047
0.9657228017883756	0.966144517433047
0.9657228017883756	0.9666498231430015
0.9657228017883756	0.9671551288529561
0.9657228017883756	0.9671551288529561
0.9657228017883756	0.9676604345629105
0.9657228017883756	0.9681657402728651
0.9657228017883756	0.9686710459828196
0.9672131147540983	0.9686710459828196
0.9672131147540983	0.9691763516927742
0.9672131147540983	0.9691763516927742
0.9672131147540983	0.9696816574027286
0.9672131147540983	0.9701869631126832
0.9672131147540983	0.9701869631126832
0.9672131147540983	0.9706922688226377
0.9687034277198212	0.9706922688226377
0.9687034277198212	0.9706922688226377
0.9687034277198212	0.9706922688226377
0.970193740685544	0.9706922688226377
0.970193740685544	0.9706922688226377
0.970193740685544	0.9706922688226377
0.970193740685544	0.9711975745325923
0.970193740685544	0.9711975745325923
0.970193740685544	0.9711975745325923
0.9716840536512668	0.9711975745325923
0.9716840536512668	0.9711975745325923
0.9716840536512668	0.9711975745325923
0.9716840536512668	0.9717028802425467
0.9716840536512668	0.9722081859525012
0.9716840536512668	0.9727134916624558
0.9731743666169895	0.9727134916624558
0.9746646795827124	0.9727134916624558
0.9746646795827124	0.9732187973724103
0.9746646795827124	0.9737241030823648
0.9746646795827124	0.9737241030823648
0.9746646795827124	0.9742294087923193
0.9746646795827124	0.9742294087923193
0.9746646795827124	0.9747347145022739
0.9746646795827124	0.9747347145022739
0.9746646795827124	0.9752400202122284
0.9746646795827124	0.9752400202122284
0.9746646795827124	0.9752400202122284
0.9746646795827124	0.9752400202122284
0.9746646795827124	0.9757453259221829
0.9746646795827124	0.9762506316321374
0.9746646795827124	0.976755937342092
0.9746646795827124	0.9772612430520465
0.9761549925484352	0.9772612430520465
0.9761549925484352	0.977766548762001
0.9761549925484352	0.977766548762001
0.9761549925484352	0.9782718544719555
0.9761549925484352	0.9787771601819101
0.9761549925484352	0.9787771601819101
0.977645305514158	0.9787771601819101
0.977645305514158	0.9792824658918646
0.977645305514158	0.9797877716018191
0.977645305514158	0.9802930773117736
0.977645305514158	0.9807983830217282
0.9791356184798807	0.9807983830217282
0.9791356184798807	0.9813036887316827
0.9791356184798807	0.9813036887316827
0.9791356184798807	0.9813036887316827
0.9806259314456036	0.9813036887316827
0.9806259314456036	0.9818089944416372
0.9806259314456036	0.9818089944416372
0.9806259314456036	0.9818089944416372
0.9806259314456036	0.9818089944416372
0.9806259314456036	0.9818089944416372
0.9806259314456036	0.9823143001515917
0.9806259314456036	0.9828196058615463
0.9806259314456036	0.9828196058615463
0.9806259314456036	0.9833249115715007
0.9806259314456036	0.9833249115715007
0.9806259314456036	0.9838302172814553
0.9806259314456036	0.9838302172814553
0.9806259314456036	0.9838302172814553
0.9821162444113264	0.9838302172814553
0.9821162444113264	0.9838302172814553
0.9821162444113264	0.9843355229914098
0.9821162444113264	0.9848408287013644
0.9821162444113264	0.9848408287013644
0.9821162444113264	0.9848408287013644
0.9821162444113264	0.9853461344113188
0.9821162444113264	0.9858514401212733
0.9821162444113264	0.9863567458312279
0.9821162444113264	0.9863567458312279
0.9821162444113264	0.9868620515411825
0.9821162444113264	0.9868620515411825
0.9821162444113264	0.9873673572511369
0.9821162444113264	0.9873673572511369
0.9836065573770492	0.9873673572511369
0.9850968703427719	0.9873673572511369
0.9850968703427719	0.9878726629610914
0.9850968703427719	0.9878726629610914
0.9850968703427719	0.988377968671046
0.9865871833084948	0.988377968671046
0.9865871833084948	0.988377968671046
0.9865871833084948	0.9888832743810005
0.9865871833084948	0.9888832743810005
0.9865871833084948	0.9888832743810005
0.9880774962742176	0.9888832743810005
0.9880774962742176	0.989388580090955
0.9880774962742176	0.9898938858009095
0.9895678092399404	0.9898938858009095
0.9895678092399404	0.9903991915108641
0.9910581222056631	0.9903991915108641
0.9910581222056631	0.9903991915108641
0.9910581222056631	0.9909044972208186
0.9910581222056631	0.9914098029307731
0.992548435171386	0.9914098029307731
0.992548435171386	0.9919151086407276
0.992548435171386	0.9924204143506822
0.992548435171386	0.9929257200606367
0.992548435171386	0.9934310257705912
0.992548435171386	0.9939363314805457
0.992548435171386	0.9944416371905003
0.992548435171386	0.9944416371905003
0.992548435171386	0.9949469429004548
0.992548435171386	0.9949469429004548
0.9940387481371088	0.9949469429004548
0.9940387481371088	0.9954522486104093
0.9940387481371088	0.9959575543203638
0.9955290611028316	0.9959575543203638
0.9955290611028316	0.9964628600303184
0.9955290611028316	0.9964628600303184
0.9955290611028316	0.9969681657402729
0.9970193740685543	0.9969681657402729
0.9985096870342772	0.9969681657402729
0.9985096870342772	0.9974734714502274
0.9985096870342772	0.9979787771601819
0.9985096870342772	0.9984840828701365
0.9985096870342772	0.9984840828701365
1.0	0.9984840828701365
1.0	0.9984840828701365
1.0	0.998989388580091
1.0	0.9994946942900454
1.0	1.0